condition_id,test_file,reference_file,heatmap_file,Q,proc_time,Q_subj,part_id_scene
circle_a_v15_fps50,datasets/MARRR/circle_condition_a_v15_fps050_lossless.mp4.mp4,datasets/MARRR/circle_condition_a_v15_fps167_lossless.mp4.mp4,,8.706632614135742,22.172456979751587,0,0
circle_a_v15_fps55,datasets/MARRR/circle_condition_a_v15_fps055_lossless.mp4.mp4,datasets/MARRR/circle_condition_a_v15_fps167_lossless.mp4.mp4,,8.698577880859375,34.9839723110199,0.35,0
circle_a_v15_fps60,datasets/MARRR/circle_condition_a_v15_fps060_lossless.mp4.mp4,datasets/MARRR/circle_condition_a_v15_fps167_lossless.mp4.mp4,,8.650406837463379,34.236191511154175,1.65,0
circle_a_v15_fps65,datasets/MARRR/circle_condition_a_v15_fps065_lossless.mp4.mp4,datasets/MARRR/circle_condition_a_v15_fps167_lossless.mp4.mp4,,8.601655006408691,34.39949154853821,1.7,0
circle_a_v15_fps70,datasets/MARRR/circle_condition_a_v15_fps070_lossless.mp4.mp4,datasets/MARRR/circle_condition_a_v15_fps167_lossless.mp4.mp4,,8.62055778503418,34.562756061553955,2.15,0
circle_a_v15_fps75,datasets/MARRR/circle_condition_a_v15_fps075_lossless.mp4.mp4,datasets/MARRR/circle_condition_a_v15_fps167_lossless.mp4.mp4,,8.744271278381348,34.74235224723816,2.2,0
circle_a_v15_fps80,datasets/MARRR/circle_condition_a_v15_fps080_lossless.mp4.mp4,datasets/MARRR/circle_condition_a_v15_fps167_lossless.mp4.mp4,,8.94382381439209,34.92801904678345,3.05,0
circle_a_v15_fps85,datasets/MARRR/circle_condition_a_v15_fps085_lossless.mp4.mp4,datasets/MARRR/circle_condition_a_v15_fps167_lossless.mp4.mp4,,9.109077453613281,35.08603119850159,2.7,0
circle_a_v15_fps90,datasets/MARRR/circle_condition_a_v15_fps090_lossless.mp4.mp4,datasets/MARRR/circle_condition_a_v15_fps167_lossless.mp4.mp4,,9.172653198242188,35.252466440200806,3.4,0
circle_a_v15_fps95,datasets/MARRR/circle_condition_a_v15_fps095_lossless.mp4.mp4,datasets/MARRR/circle_condition_a_v15_fps167_lossless.mp4.mp4,,9.183663368225098,35.48921251296997,3.45,0
circle_a_v15_fps100,datasets/MARRR/circle_condition_a_v15_fps100_lossless.mp4.mp4,datasets/MARRR/circle_condition_a_v15_fps167_lossless.mp4.mp4,,9.157475471496582,35.6479766368866,3.85,0
circle_a_v15_fps105,datasets/MARRR/circle_condition_a_v15_fps105_lossless.mp4.mp4,datasets/MARRR/circle_condition_a_v15_fps167_lossless.mp4.mp4,,9.160770416259766,35.71525716781616,4.15,0
circle_a_v15_fps110,datasets/MARRR/circle_condition_a_v15_fps110_lossless.mp4.mp4,datasets/MARRR/circle_condition_a_v15_fps167_lossless.mp4.mp4,,9.164407730102539,36.0696280002594,4.05,0
circle_a_v15_fps115,datasets/MARRR/circle_condition_a_v15_fps115_lossless.mp4.mp4,datasets/MARRR/circle_condition_a_v15_fps167_lossless.mp4.mp4,,9.145696640014648,36.192771196365356,4.15,0
circle_a_v15_fps120,datasets/MARRR/circle_condition_a_v15_fps120_lossless.mp4.mp4,datasets/MARRR/circle_condition_a_v15_fps167_lossless.mp4.mp4,,9.163362503051758,36.351879596710205,4.4,0
circle_a_v15_fps125,datasets/MARRR/circle_condition_a_v15_fps125_lossless.mp4.mp4,datasets/MARRR/circle_condition_a_v15_fps167_lossless.mp4.mp4,,9.28510570526123,36.7143280506134,4.85,0
circle_a_v15_fps130,datasets/MARRR/circle_condition_a_v15_fps130_lossless.mp4.mp4,datasets/MARRR/circle_condition_a_v15_fps167_lossless.mp4.mp4,,9.267556190490723,36.69439148902893,4.3,0
circle_a_v15_fps135,datasets/MARRR/circle_condition_a_v15_fps135_lossless.mp4.mp4,datasets/MARRR/circle_condition_a_v15_fps167_lossless.mp4.mp4,,9.26009464263916,36.962841272354126,4.6,0
circle_a_v15_fps140,datasets/MARRR/circle_condition_a_v15_fps140_lossless.mp4.mp4,datasets/MARRR/circle_condition_a_v15_fps167_lossless.mp4.mp4,,9.337708473205566,37.33485126495361,4.2,0
circle_a_v15_fps145,datasets/MARRR/circle_condition_a_v15_fps145_lossless.mp4.mp4,datasets/MARRR/circle_condition_a_v15_fps167_lossless.mp4.mp4,,9.356653213500977,37.49400544166565,4.85,0
circle_a_v15_fps150,datasets/MARRR/circle_condition_a_v15_fps150_lossless.mp4.mp4,datasets/MARRR/circle_condition_a_v15_fps167_lossless.mp4.mp4,,9.395377159118652,37.46127486228943,4.9,0
circle_a_v15_fps155,datasets/MARRR/circle_condition_a_v15_fps155_lossless.mp4.mp4,datasets/MARRR/circle_condition_a_v15_fps167_lossless.mp4.mp4,,9.451807975769043,37.61606979370117,4.75,0
circle_a_v15_fps160,datasets/MARRR/circle_condition_a_v15_fps160_lossless.mp4.mp4,datasets/MARRR/circle_condition_a_v15_fps167_lossless.mp4.mp4,,9.519278526306152,37.81931924819946,5.2,0
circle_a_v15_fps165,datasets/MARRR/circle_condition_a_v15_fps165_lossless.mp4.mp4,datasets/MARRR/circle_condition_a_v15_fps167_lossless.mp4.mp4,,9.610291481018066,38.058608055114746,5.5,0
circle_b_v30_fps50,datasets/MARRR/circle_condition_b_v30_fps050_lossless.mp4.mp4,datasets/MARRR/circle_condition_b_v30_fps167_lossless.mp4.mp4,,8.262341499328613,17.140275478363037,0,0
circle_b_v30_fps55,datasets/MARRR/circle_condition_b_v30_fps055_lossless.mp4.mp4,datasets/MARRR/circle_condition_b_v30_fps167_lossless.mp4.mp4,,8.392060279846191,17.076624631881714,0.55,0
circle_b_v30_fps60,datasets/MARRR/circle_condition_b_v30_fps060_lossless.mp4.mp4,datasets/MARRR/circle_condition_b_v30_fps167_lossless.mp4.mp4,,8.391976356506348,17.26856303215027,1.35,0
circle_b_v30_fps65,datasets/MARRR/circle_condition_b_v30_fps065_lossless.mp4.mp4,datasets/MARRR/circle_condition_b_v30_fps167_lossless.mp4.mp4,,8.359671592712402,17.279988288879395,1.45,0
circle_b_v30_fps70,datasets/MARRR/circle_condition_b_v30_fps070_lossless.mp4.mp4,datasets/MARRR/circle_condition_b_v30_fps167_lossless.mp4.mp4,,8.335057258605957,17.441924810409546,1.85,0
circle_b_v30_fps75,datasets/MARRR/circle_condition_b_v30_fps075_lossless.mp4.mp4,datasets/MARRR/circle_condition_b_v30_fps167_lossless.mp4.mp4,,8.478479385375977,17.47493052482605,1.8,0
circle_b_v30_fps80,datasets/MARRR/circle_condition_b_v30_fps080_lossless.mp4.mp4,datasets/MARRR/circle_condition_b_v30_fps167_lossless.mp4.mp4,,8.661264419555664,17.586016178131104,1.75,0
circle_b_v30_fps85,datasets/MARRR/circle_condition_b_v30_fps085_lossless.mp4.mp4,datasets/MARRR/circle_condition_b_v30_fps167_lossless.mp4.mp4,,8.717357635498047,17.724305391311646,2,0
circle_b_v30_fps90,datasets/MARRR/circle_condition_b_v30_fps090_lossless.mp4.mp4,datasets/MARRR/circle_condition_b_v30_fps167_lossless.mp4.mp4,,8.693861961364746,17.831986665725708,2.15,0
circle_b_v30_fps95,datasets/MARRR/circle_condition_b_v30_fps095_lossless.mp4.mp4,datasets/MARRR/circle_condition_b_v30_fps167_lossless.mp4.mp4,,8.672622680664062,17.857449769973755,2.4,0
circle_b_v30_fps100,datasets/MARRR/circle_condition_b_v30_fps100_lossless.mp4.mp4,datasets/MARRR/circle_condition_b_v30_fps167_lossless.mp4.mp4,,8.64439582824707,17.851303577423096,3.1,0
circle_b_v30_fps105,datasets/MARRR/circle_condition_b_v30_fps105_lossless.mp4.mp4,datasets/MARRR/circle_condition_b_v30_fps167_lossless.mp4.mp4,,8.647564888000488,17.99378991127014,3.35,0
circle_b_v30_fps110,datasets/MARRR/circle_condition_b_v30_fps110_lossless.mp4.mp4,datasets/MARRR/circle_condition_b_v30_fps167_lossless.mp4.mp4,,8.648832321166992,18.104012966156006,3.6,0
circle_b_v30_fps115,datasets/MARRR/circle_condition_b_v30_fps115_lossless.mp4.mp4,datasets/MARRR/circle_condition_b_v30_fps167_lossless.mp4.mp4,,8.645891189575195,18.132332801818848,3.25,0
circle_b_v30_fps120,datasets/MARRR/circle_condition_b_v30_fps120_lossless.mp4.mp4,datasets/MARRR/circle_condition_b_v30_fps167_lossless.mp4.mp4,,8.619038581848145,18.330934286117554,3.3,0
circle_b_v30_fps125,datasets/MARRR/circle_condition_b_v30_fps125_lossless.mp4.mp4,datasets/MARRR/circle_condition_b_v30_fps167_lossless.mp4.mp4,,8.589144706726074,18.320663690567017,3.65,0
circle_b_v30_fps130,datasets/MARRR/circle_condition_b_v30_fps130_lossless.mp4.mp4,datasets/MARRR/circle_condition_b_v30_fps167_lossless.mp4.mp4,,8.570423126220703,18.564679622650146,3.85,0
circle_b_v30_fps135,datasets/MARRR/circle_condition_b_v30_fps135_lossless.mp4.mp4,datasets/MARRR/circle_condition_b_v30_fps167_lossless.mp4.mp4,,8.537027359008789,18.60918140411377,3.85,0
circle_b_v30_fps140,datasets/MARRR/circle_condition_b_v30_fps140_lossless.mp4.mp4,datasets/MARRR/circle_condition_b_v30_fps167_lossless.mp4.mp4,,8.571815490722656,18.680601358413696,4.1,0
circle_b_v30_fps145,datasets/MARRR/circle_condition_b_v30_fps145_lossless.mp4.mp4,datasets/MARRR/circle_condition_b_v30_fps167_lossless.mp4.mp4,,8.64635181427002,18.704107522964478,4,0
circle_b_v30_fps150,datasets/MARRR/circle_condition_b_v30_fps150_lossless.mp4.mp4,datasets/MARRR/circle_condition_b_v30_fps167_lossless.mp4.mp4,,8.781292915344238,18.766701698303223,4.15,0
circle_b_v30_fps155,datasets/MARRR/circle_condition_b_v30_fps155_lossless.mp4.mp4,datasets/MARRR/circle_condition_b_v30_fps167_lossless.mp4.mp4,,8.935077667236328,18.916772842407227,4.25,0
circle_b_v30_fps160,datasets/MARRR/circle_condition_b_v30_fps160_lossless.mp4.mp4,datasets/MARRR/circle_condition_b_v30_fps167_lossless.mp4.mp4,,9.080155372619629,19.141677379608154,4.55,0
circle_b_v30_fps165,datasets/MARRR/circle_condition_b_v30_fps165_lossless.mp4.mp4,datasets/MARRR/circle_condition_b_v30_fps167_lossless.mp4.mp4,,9.180432319641113,19.149616718292236,4.35,0
circle_c_v45_fps50,datasets/MARRR/circle_condition_c_v45_fps050_lossless.mp4.mp4,datasets/MARRR/circle_condition_c_v45_fps167_lossless.mp4.mp4,,8.006815910339355,11.451353311538696,0,0
circle_c_v45_fps55,datasets/MARRR/circle_condition_c_v45_fps055_lossless.mp4.mp4,datasets/MARRR/circle_condition_c_v45_fps167_lossless.mp4.mp4,,8.085721969604492,11.450825214385986,0.45,0
circle_c_v45_fps60,datasets/MARRR/circle_condition_c_v45_fps060_lossless.mp4.mp4,datasets/MARRR/circle_condition_c_v45_fps167_lossless.mp4.mp4,,8.158930778503418,11.587283372879028,0.85,0
circle_c_v45_fps65,datasets/MARRR/circle_condition_c_v45_fps065_lossless.mp4.mp4,datasets/MARRR/circle_condition_c_v45_fps167_lossless.mp4.mp4,,8.125224113464355,11.623392820358276,1,0
circle_c_v45_fps70,datasets/MARRR/circle_condition_c_v45_fps070_lossless.mp4.mp4,datasets/MARRR/circle_condition_c_v45_fps167_lossless.mp4.mp4,,8.074125289916992,11.643651962280273,1.3,0
circle_c_v45_fps75,datasets/MARRR/circle_condition_c_v45_fps075_lossless.mp4.mp4,datasets/MARRR/circle_condition_c_v45_fps167_lossless.mp4.mp4,,8.225667953491211,11.716282844543457,1.75,0
circle_c_v45_fps80,datasets/MARRR/circle_condition_c_v45_fps080_lossless.mp4.mp4,datasets/MARRR/circle_condition_c_v45_fps167_lossless.mp4.mp4,,8.385920524597168,11.755407094955444,2.55,0
circle_c_v45_fps85,datasets/MARRR/circle_condition_c_v45_fps085_lossless.mp4.mp4,datasets/MARRR/circle_condition_c_v45_fps167_lossless.mp4.mp4,,8.499676704406738,11.755707025527954,1.95,0
circle_c_v45_fps90,datasets/MARRR/circle_condition_c_v45_fps090_lossless.mp4.mp4,datasets/MARRR/circle_condition_c_v45_fps167_lossless.mp4.mp4,,8.40645980834961,11.902274370193481,2.65,0
circle_c_v45_fps95,datasets/MARRR/circle_condition_c_v45_fps095_lossless.mp4.mp4,datasets/MARRR/circle_condition_c_v45_fps167_lossless.mp4.mp4,,8.292924880981445,11.928250074386597,2.8,0
circle_c_v45_fps100,datasets/MARRR/circle_condition_c_v45_fps100_lossless.mp4.mp4,datasets/MARRR/circle_condition_c_v45_fps167_lossless.mp4.mp4,,8.175386428833008,12.024683713912964,3.05,0
circle_c_v45_fps105,datasets/MARRR/circle_condition_c_v45_fps105_lossless.mp4.mp4,datasets/MARRR/circle_condition_c_v45_fps167_lossless.mp4.mp4,,8.153867721557617,12.10383152961731,3.15,0
circle_c_v45_fps110,datasets/MARRR/circle_condition_c_v45_fps110_lossless.mp4.mp4,datasets/MARRR/circle_condition_c_v45_fps167_lossless.mp4.mp4,,8.237844467163086,12.097789525985718,3.3,0
circle_c_v45_fps115,datasets/MARRR/circle_condition_c_v45_fps115_lossless.mp4.mp4,datasets/MARRR/circle_condition_c_v45_fps167_lossless.mp4.mp4,,8.362933158874512,12.189915180206299,2.9,0
circle_c_v45_fps120,datasets/MARRR/circle_condition_c_v45_fps120_lossless.mp4.mp4,datasets/MARRR/circle_condition_c_v45_fps167_lossless.mp4.mp4,,8.460634231567383,12.20854377746582,3.1,0
circle_c_v45_fps125,datasets/MARRR/circle_condition_c_v45_fps125_lossless.mp4.mp4,datasets/MARRR/circle_condition_c_v45_fps167_lossless.mp4.mp4,,8.490010261535645,12.278319835662842,3.2,0
circle_c_v45_fps130,datasets/MARRR/circle_condition_c_v45_fps130_lossless.mp4.mp4,datasets/MARRR/circle_condition_c_v45_fps167_lossless.mp4.mp4,,8.543123245239258,12.342596530914307,3.15,0
circle_c_v45_fps135,datasets/MARRR/circle_condition_c_v45_fps135_lossless.mp4.mp4,datasets/MARRR/circle_condition_c_v45_fps167_lossless.mp4.mp4,,8.583858489990234,12.395596504211426,2.95,0
circle_c_v45_fps140,datasets/MARRR/circle_condition_c_v45_fps140_lossless.mp4.mp4,datasets/MARRR/circle_condition_c_v45_fps167_lossless.mp4.mp4,,8.594232559204102,12.601780652999878,3.1,0
circle_c_v45_fps145,datasets/MARRR/circle_condition_c_v45_fps145_lossless.mp4.mp4,datasets/MARRR/circle_condition_c_v45_fps167_lossless.mp4.mp4,,8.637945175170898,12.602251529693604,3.05,0
circle_c_v45_fps150,datasets/MARRR/circle_condition_c_v45_fps150_lossless.mp4.mp4,datasets/MARRR/circle_condition_c_v45_fps167_lossless.mp4.mp4,,8.678350448608398,12.626943588256836,3.4,0
circle_c_v45_fps155,datasets/MARRR/circle_condition_c_v45_fps155_lossless.mp4.mp4,datasets/MARRR/circle_condition_c_v45_fps167_lossless.mp4.mp4,,8.684943199157715,12.706178665161133,4.15,0
circle_c_v45_fps160,datasets/MARRR/circle_condition_c_v45_fps160_lossless.mp4.mp4,datasets/MARRR/circle_condition_c_v45_fps167_lossless.mp4.mp4,,8.717247009277344,12.785024404525757,3.8,0
circle_c_v45_fps165,datasets/MARRR/circle_condition_c_v45_fps165_lossless.mp4.mp4,datasets/MARRR/circle_condition_c_v45_fps167_lossless.mp4.mp4,,8.883073806762695,12.696535110473633,4.45,0
pano_v30_fps50_720p,datasets/MARRR/pano_v30_fps050_720p_lossless.mp4.mp4,datasets/MARRR/pano_v30_fps167_720p_lossless.mp4.mp4,,5.512704372406006,34.42094850540161,0,1
pano_v30_fps55_720p,datasets/MARRR/pano_v30_fps055_720p_lossless.mp4.mp4,datasets/MARRR/pano_v30_fps167_720p_lossless.mp4.mp4,,5.752737522125244,34.51024842262268,0.35,1
pano_v30_fps60_720p,datasets/MARRR/pano_v30_fps060_720p_lossless.mp4.mp4,datasets/MARRR/pano_v30_fps167_720p_lossless.mp4.mp4,,5.966921806335449,34.75268483161926,1.15,1
pano_v30_fps65_720p,datasets/MARRR/pano_v30_fps065_720p_lossless.mp4.mp4,datasets/MARRR/pano_v30_fps167_720p_lossless.mp4.mp4,,6.125126838684082,34.98968529701233,1.2,1
pano_v30_fps70_720p,datasets/MARRR/pano_v30_fps070_720p_lossless.mp4.mp4,datasets/MARRR/pano_v30_fps167_720p_lossless.mp4.mp4,,6.303919792175293,35.12379336357117,1.5,1
pano_v30_fps75_720p,datasets/MARRR/pano_v30_fps075_720p_lossless.mp4.mp4,datasets/MARRR/pano_v30_fps167_720p_lossless.mp4.mp4,,6.461133003234863,35.38727164268494,1.65,1
pano_v30_fps80_720p,datasets/MARRR/pano_v30_fps080_720p_lossless.mp4.mp4,datasets/MARRR/pano_v30_fps167_720p_lossless.mp4.mp4,,6.626611709594727,35.57363152503967,1.85,1
pano_v30_fps85_720p,datasets/MARRR/pano_v30_fps085_720p_lossless.mp4.mp4,datasets/MARRR/pano_v30_fps167_720p_lossless.mp4.mp4,,6.834949493408203,35.681753635406494,2.5,1
pano_v30_fps90_720p,datasets/MARRR/pano_v30_fps090_720p_lossless.mp4.mp4,datasets/MARRR/pano_v30_fps167_720p_lossless.mp4.mp4,,6.884574890136719,35.8866765499115,2.8,1
pano_v30_fps95_720p,datasets/MARRR/pano_v30_fps095_720p_lossless.mp4.mp4,datasets/MARRR/pano_v30_fps167_720p_lossless.mp4.mp4,,6.942937850952148,36.13586211204529,2.55,1
pano_v30_fps100_720p,datasets/MARRR/pano_v30_fps100_720p_lossless.mp4.mp4,datasets/MARRR/pano_v30_fps167_720p_lossless.mp4.mp4,,7.009224891662598,36.35058665275574,3.1,1
pano_v30_fps105_720p,datasets/MARRR/pano_v30_fps105_720p_lossless.mp4.mp4,datasets/MARRR/pano_v30_fps167_720p_lossless.mp4.mp4,,7.092572212219238,36.4404501914978,2.9,1
pano_v30_fps110_720p,datasets/MARRR/pano_v30_fps110_720p_lossless.mp4.mp4,datasets/MARRR/pano_v30_fps167_720p_lossless.mp4.mp4,,7.184494972229004,36.48598766326904,3.85,1
pano_v30_fps115_720p,datasets/MARRR/pano_v30_fps115_720p_lossless.mp4.mp4,datasets/MARRR/pano_v30_fps167_720p_lossless.mp4.mp4,,7.263006210327148,36.60672950744629,3.8,1
pano_v30_fps120_720p,datasets/MARRR/pano_v30_fps120_720p_lossless.mp4.mp4,datasets/MARRR/pano_v30_fps167_720p_lossless.mp4.mp4,,7.365804195404053,36.88375639915466,3.45,1
pano_v30_fps125_720p,datasets/MARRR/pano_v30_fps125_720p_lossless.mp4.mp4,datasets/MARRR/pano_v30_fps167_720p_lossless.mp4.mp4,,7.444352149963379,36.971439361572266,3.4,1
pano_v30_fps130_720p,datasets/MARRR/pano_v30_fps130_720p_lossless.mp4.mp4,datasets/MARRR/pano_v30_fps167_720p_lossless.mp4.mp4,,7.528155326843262,37.32213807106018,3.25,1
pano_v30_fps135_720p,datasets/MARRR/pano_v30_fps135_720p_lossless.mp4.mp4,datasets/MARRR/pano_v30_fps167_720p_lossless.mp4.mp4,,7.609241485595703,37.46085262298584,3.55,1
pano_v30_fps140_720p,datasets/MARRR/pano_v30_fps140_720p_lossless.mp4.mp4,datasets/MARRR/pano_v30_fps167_720p_lossless.mp4.mp4,,7.692679405212402,37.70475792884827,3.45,1
pano_v30_fps145_720p,datasets/MARRR/pano_v30_fps145_720p_lossless.mp4.mp4,datasets/MARRR/pano_v30_fps167_720p_lossless.mp4.mp4,,7.7532267570495605,37.86107397079468,3.8,1
pano_v30_fps150_720p,datasets/MARRR/pano_v30_fps150_720p_lossless.mp4.mp4,datasets/MARRR/pano_v30_fps167_720p_lossless.mp4.mp4,,7.80926513671875,37.98965072631836,3.7,1
pano_v30_fps155_720p,datasets/MARRR/pano_v30_fps155_720p_lossless.mp4.mp4,datasets/MARRR/pano_v30_fps167_720p_lossless.mp4.mp4,,7.862470626831055,38.05179166793823,3.65,1
pano_v30_fps160_720p,datasets/MARRR/pano_v30_fps160_720p_lossless.mp4.mp4,datasets/MARRR/pano_v30_fps167_720p_lossless.mp4.mp4,,7.930903911590576,38.3648579120636,4.05,1
pano_v30_fps165_720p,datasets/MARRR/pano_v30_fps165_720p_lossless.mp4.mp4,datasets/MARRR/pano_v30_fps167_720p_lossless.mp4.mp4,,7.940077781677246,38.60507130622864,3.6,1
