test, reference, cvvdp
marrr_dataset\dataset_exp1_abc\condition_a_v15\circle_condition_a_v15_fps050_lossless.mp4, marrr_dataset\dataset_exp1_abc\condition_a_v15\circle_condition_a_v15_fps167_lossless.mp4,8.706632614135742
marrr_dataset\dataset_exp1_abc\condition_a_v15\circle_condition_a_v15_fps055_lossless.mp4, marrr_dataset\dataset_exp1_abc\condition_a_v15\circle_condition_a_v15_fps167_lossless.mp4,8.698577880859375
marrr_dataset\dataset_exp1_abc\condition_a_v15\circle_condition_a_v15_fps060_lossless.mp4, marrr_dataset\dataset_exp1_abc\condition_a_v15\circle_condition_a_v15_fps167_lossless.mp4,8.650406837463379
marrr_dataset\dataset_exp1_abc\condition_a_v15\circle_condition_a_v15_fps065_lossless.mp4, marrr_dataset\dataset_exp1_abc\condition_a_v15\circle_condition_a_v15_fps167_lossless.mp4,8.601655006408691
marrr_dataset\dataset_exp1_abc\condition_a_v15\circle_condition_a_v15_fps070_lossless.mp4, marrr_dataset\dataset_exp1_abc\condition_a_v15\circle_condition_a_v15_fps167_lossless.mp4,8.62055778503418
marrr_dataset\dataset_exp1_abc\condition_a_v15\circle_condition_a_v15_fps075_lossless.mp4, marrr_dataset\dataset_exp1_abc\condition_a_v15\circle_condition_a_v15_fps167_lossless.mp4,8.744271278381348
marrr_dataset\dataset_exp1_abc\condition_a_v15\circle_condition_a_v15_fps080_lossless.mp4, marrr_dataset\dataset_exp1_abc\condition_a_v15\circle_condition_a_v15_fps167_lossless.mp4,8.94382381439209
marrr_dataset\dataset_exp1_abc\condition_a_v15\circle_condition_a_v15_fps085_lossless.mp4, marrr_dataset\dataset_exp1_abc\condition_a_v15\circle_condition_a_v15_fps167_lossless.mp4,9.109077453613281
marrr_dataset\dataset_exp1_abc\condition_a_v15\circle_condition_a_v15_fps090_lossless.mp4, marrr_dataset\dataset_exp1_abc\condition_a_v15\circle_condition_a_v15_fps167_lossless.mp4,9.172653198242188
marrr_dataset\dataset_exp1_abc\condition_a_v15\circle_condition_a_v15_fps095_lossless.mp4, marrr_dataset\dataset_exp1_abc\condition_a_v15\circle_condition_a_v15_fps167_lossless.mp4,9.183663368225098
marrr_dataset\dataset_exp1_abc\condition_a_v15\circle_condition_a_v15_fps100_lossless.mp4, marrr_dataset\dataset_exp1_abc\condition_a_v15\circle_condition_a_v15_fps167_lossless.mp4,9.157475471496582
marrr_dataset\dataset_exp1_abc\condition_a_v15\circle_condition_a_v15_fps105_lossless.mp4, marrr_dataset\dataset_exp1_abc\condition_a_v15\circle_condition_a_v15_fps167_lossless.mp4,9.160770416259766
marrr_dataset\dataset_exp1_abc\condition_a_v15\circle_condition_a_v15_fps110_lossless.mp4, marrr_dataset\dataset_exp1_abc\condition_a_v15\circle_condition_a_v15_fps167_lossless.mp4,9.164407730102539
marrr_dataset\dataset_exp1_abc\condition_a_v15\circle_condition_a_v15_fps115_lossless.mp4, marrr_dataset\dataset_exp1_abc\condition_a_v15\circle_condition_a_v15_fps167_lossless.mp4,9.145696640014648
marrr_dataset\dataset_exp1_abc\condition_a_v15\circle_condition_a_v15_fps120_lossless.mp4, marrr_dataset\dataset_exp1_abc\condition_a_v15\circle_condition_a_v15_fps167_lossless.mp4,9.163362503051758
marrr_dataset\dataset_exp1_abc\condition_a_v15\circle_condition_a_v15_fps125_lossless.mp4, marrr_dataset\dataset_exp1_abc\condition_a_v15\circle_condition_a_v15_fps167_lossless.mp4,9.28510570526123
marrr_dataset\dataset_exp1_abc\condition_a_v15\circle_condition_a_v15_fps130_lossless.mp4, marrr_dataset\dataset_exp1_abc\condition_a_v15\circle_condition_a_v15_fps167_lossless.mp4,9.267556190490723
marrr_dataset\dataset_exp1_abc\condition_a_v15\circle_condition_a_v15_fps135_lossless.mp4, marrr_dataset\dataset_exp1_abc\condition_a_v15\circle_condition_a_v15_fps167_lossless.mp4,9.26009464263916
marrr_dataset\dataset_exp1_abc\condition_a_v15\circle_condition_a_v15_fps140_lossless.mp4, marrr_dataset\dataset_exp1_abc\condition_a_v15\circle_condition_a_v15_fps167_lossless.mp4,9.337708473205566
marrr_dataset\dataset_exp1_abc\condition_a_v15\circle_condition_a_v15_fps145_lossless.mp4, marrr_dataset\dataset_exp1_abc\condition_a_v15\circle_condition_a_v15_fps167_lossless.mp4,9.356653213500977
marrr_dataset\dataset_exp1_abc\condition_a_v15\circle_condition_a_v15_fps150_lossless.mp4, marrr_dataset\dataset_exp1_abc\condition_a_v15\circle_condition_a_v15_fps167_lossless.mp4,9.395377159118652
marrr_dataset\dataset_exp1_abc\condition_a_v15\circle_condition_a_v15_fps155_lossless.mp4, marrr_dataset\dataset_exp1_abc\condition_a_v15\circle_condition_a_v15_fps167_lossless.mp4,9.451807975769043
marrr_dataset\dataset_exp1_abc\condition_a_v15\circle_condition_a_v15_fps160_lossless.mp4, marrr_dataset\dataset_exp1_abc\condition_a_v15\circle_condition_a_v15_fps167_lossless.mp4,9.519278526306152
marrr_dataset\dataset_exp1_abc\condition_a_v15\circle_condition_a_v15_fps165_lossless.mp4, marrr_dataset\dataset_exp1_abc\condition_a_v15\circle_condition_a_v15_fps167_lossless.mp4,9.610291481018066
marrr_dataset\dataset_exp1_abc\condition_b_v30\circle_condition_b_v30_fps050_lossless.mp4, marrr_dataset\dataset_exp1_abc\condition_b_v30\circle_condition_b_v30_fps167_lossless.mp4,8.262130737304688
marrr_dataset\dataset_exp1_abc\condition_b_v30\circle_condition_b_v30_fps055_lossless.mp4, marrr_dataset\dataset_exp1_abc\condition_b_v30\circle_condition_b_v30_fps167_lossless.mp4,8.392374038696289
marrr_dataset\dataset_exp1_abc\condition_b_v30\circle_condition_b_v30_fps060_lossless.mp4, marrr_dataset\dataset_exp1_abc\condition_b_v30\circle_condition_b_v30_fps167_lossless.mp4,8.391976356506348
marrr_dataset\dataset_exp1_abc\condition_b_v30\circle_condition_b_v30_fps065_lossless.mp4, marrr_dataset\dataset_exp1_abc\condition_b_v30\circle_condition_b_v30_fps167_lossless.mp4,8.357331275939941
marrr_dataset\dataset_exp1_abc\condition_b_v30\circle_condition_b_v30_fps070_lossless.mp4, marrr_dataset\dataset_exp1_abc\condition_b_v30\circle_condition_b_v30_fps167_lossless.mp4,8.33373737335205
marrr_dataset\dataset_exp1_abc\condition_b_v30\circle_condition_b_v30_fps075_lossless.mp4, marrr_dataset\dataset_exp1_abc\condition_b_v30\circle_condition_b_v30_fps167_lossless.mp4,8.477058410644531
marrr_dataset\dataset_exp1_abc\condition_b_v30\circle_condition_b_v30_fps080_lossless.mp4, marrr_dataset\dataset_exp1_abc\condition_b_v30\circle_condition_b_v30_fps167_lossless.mp4,8.66088581085205
marrr_dataset\dataset_exp1_abc\condition_b_v30\circle_condition_b_v30_fps085_lossless.mp4, marrr_dataset\dataset_exp1_abc\condition_b_v30\circle_condition_b_v30_fps167_lossless.mp4,8.717357635498047
marrr_dataset\dataset_exp1_abc\condition_b_v30\circle_condition_b_v30_fps090_lossless.mp4, marrr_dataset\dataset_exp1_abc\condition_b_v30\circle_condition_b_v30_fps167_lossless.mp4,8.693854331970215
marrr_dataset\dataset_exp1_abc\condition_b_v30\circle_condition_b_v30_fps095_lossless.mp4, marrr_dataset\dataset_exp1_abc\condition_b_v30\circle_condition_b_v30_fps167_lossless.mp4,8.672622680664062
marrr_dataset\dataset_exp1_abc\condition_b_v30\circle_condition_b_v30_fps100_lossless.mp4, marrr_dataset\dataset_exp1_abc\condition_b_v30\circle_condition_b_v30_fps167_lossless.mp4,8.644423484802246
marrr_dataset\dataset_exp1_abc\condition_b_v30\circle_condition_b_v30_fps105_lossless.mp4, marrr_dataset\dataset_exp1_abc\condition_b_v30\circle_condition_b_v30_fps167_lossless.mp4,8.647589683532715
marrr_dataset\dataset_exp1_abc\condition_b_v30\circle_condition_b_v30_fps110_lossless.mp4, marrr_dataset\dataset_exp1_abc\condition_b_v30\circle_condition_b_v30_fps167_lossless.mp4,8.64905071258545
marrr_dataset\dataset_exp1_abc\condition_b_v30\circle_condition_b_v30_fps115_lossless.mp4, marrr_dataset\dataset_exp1_abc\condition_b_v30\circle_condition_b_v30_fps167_lossless.mp4,8.645998001098633
marrr_dataset\dataset_exp1_abc\condition_b_v30\circle_condition_b_v30_fps120_lossless.mp4, marrr_dataset\dataset_exp1_abc\condition_b_v30\circle_condition_b_v30_fps167_lossless.mp4,8.619038581848145
marrr_dataset\dataset_exp1_abc\condition_b_v30\circle_condition_b_v30_fps125_lossless.mp4, marrr_dataset\dataset_exp1_abc\condition_b_v30\circle_condition_b_v30_fps167_lossless.mp4,8.588316917419434
marrr_dataset\dataset_exp1_abc\condition_b_v30\circle_condition_b_v30_fps130_lossless.mp4, marrr_dataset\dataset_exp1_abc\condition_b_v30\circle_condition_b_v30_fps167_lossless.mp4,8.570423126220703
marrr_dataset\dataset_exp1_abc\condition_b_v30\circle_condition_b_v30_fps135_lossless.mp4, marrr_dataset\dataset_exp1_abc\condition_b_v30\circle_condition_b_v30_fps167_lossless.mp4,8.535201072692871
marrr_dataset\dataset_exp1_abc\condition_b_v30\circle_condition_b_v30_fps140_lossless.mp4, marrr_dataset\dataset_exp1_abc\condition_b_v30\circle_condition_b_v30_fps167_lossless.mp4,8.569822311401367
marrr_dataset\dataset_exp1_abc\condition_b_v30\circle_condition_b_v30_fps145_lossless.mp4, marrr_dataset\dataset_exp1_abc\condition_b_v30\circle_condition_b_v30_fps167_lossless.mp4,8.64445972442627
marrr_dataset\dataset_exp1_abc\condition_b_v30\circle_condition_b_v30_fps150_lossless.mp4, marrr_dataset\dataset_exp1_abc\condition_b_v30\circle_condition_b_v30_fps167_lossless.mp4,8.77983283996582
marrr_dataset\dataset_exp1_abc\condition_b_v30\circle_condition_b_v30_fps155_lossless.mp4, marrr_dataset\dataset_exp1_abc\condition_b_v30\circle_condition_b_v30_fps167_lossless.mp4,8.935077667236328
marrr_dataset\dataset_exp1_abc\condition_b_v30\circle_condition_b_v30_fps160_lossless.mp4, marrr_dataset\dataset_exp1_abc\condition_b_v30\circle_condition_b_v30_fps167_lossless.mp4,9.078911781311035
marrr_dataset\dataset_exp1_abc\condition_b_v30\circle_condition_b_v30_fps165_lossless.mp4, marrr_dataset\dataset_exp1_abc\condition_b_v30\circle_condition_b_v30_fps167_lossless.mp4,9.180432319641113
marrr_dataset\dataset_exp1_abc\condition_c_v45\circle_condition_c_v45_fps050_lossless.mp4, marrr_dataset\dataset_exp1_abc\condition_c_v45\circle_condition_c_v45_fps167_lossless.mp4,8.006647109985352
marrr_dataset\dataset_exp1_abc\condition_c_v45\circle_condition_c_v45_fps055_lossless.mp4, marrr_dataset\dataset_exp1_abc\condition_c_v45\circle_condition_c_v45_fps167_lossless.mp4,8.085253715515137
marrr_dataset\dataset_exp1_abc\condition_c_v45\circle_condition_c_v45_fps060_lossless.mp4, marrr_dataset\dataset_exp1_abc\condition_c_v45\circle_condition_c_v45_fps167_lossless.mp4,8.158930778503418
marrr_dataset\dataset_exp1_abc\condition_c_v45\circle_condition_c_v45_fps065_lossless.mp4, marrr_dataset\dataset_exp1_abc\condition_c_v45\circle_condition_c_v45_fps167_lossless.mp4,8.125224113464355
marrr_dataset\dataset_exp1_abc\condition_c_v45\circle_condition_c_v45_fps070_lossless.mp4, marrr_dataset\dataset_exp1_abc\condition_c_v45\circle_condition_c_v45_fps167_lossless.mp4,8.072775840759277
marrr_dataset\dataset_exp1_abc\condition_c_v45\circle_condition_c_v45_fps075_lossless.mp4, marrr_dataset\dataset_exp1_abc\condition_c_v45\circle_condition_c_v45_fps167_lossless.mp4,8.225667953491211
marrr_dataset\dataset_exp1_abc\condition_c_v45\circle_condition_c_v45_fps080_lossless.mp4, marrr_dataset\dataset_exp1_abc\condition_c_v45\circle_condition_c_v45_fps167_lossless.mp4,8.384927749633789
marrr_dataset\dataset_exp1_abc\condition_c_v45\circle_condition_c_v45_fps085_lossless.mp4, marrr_dataset\dataset_exp1_abc\condition_c_v45\circle_condition_c_v45_fps167_lossless.mp4,8.496393203735352
marrr_dataset\dataset_exp1_abc\condition_c_v45\circle_condition_c_v45_fps090_lossless.mp4, marrr_dataset\dataset_exp1_abc\condition_c_v45\circle_condition_c_v45_fps167_lossless.mp4,8.40645980834961
marrr_dataset\dataset_exp1_abc\condition_c_v45\circle_condition_c_v45_fps095_lossless.mp4, marrr_dataset\dataset_exp1_abc\condition_c_v45\circle_condition_c_v45_fps167_lossless.mp4,8.291204452514648
marrr_dataset\dataset_exp1_abc\condition_c_v45\circle_condition_c_v45_fps100_lossless.mp4, marrr_dataset\dataset_exp1_abc\condition_c_v45\circle_condition_c_v45_fps167_lossless.mp4,8.175386428833008
marrr_dataset\dataset_exp1_abc\condition_c_v45\circle_condition_c_v45_fps105_lossless.mp4, marrr_dataset\dataset_exp1_abc\condition_c_v45\circle_condition_c_v45_fps167_lossless.mp4,8.15237808227539
marrr_dataset\dataset_exp1_abc\condition_c_v45\circle_condition_c_v45_fps110_lossless.mp4, marrr_dataset\dataset_exp1_abc\condition_c_v45\circle_condition_c_v45_fps167_lossless.mp4,8.236604690551758
marrr_dataset\dataset_exp1_abc\condition_c_v45\circle_condition_c_v45_fps115_lossless.mp4, marrr_dataset\dataset_exp1_abc\condition_c_v45\circle_condition_c_v45_fps167_lossless.mp4,8.362933158874512
marrr_dataset\dataset_exp1_abc\condition_c_v45\circle_condition_c_v45_fps120_lossless.mp4, marrr_dataset\dataset_exp1_abc\condition_c_v45\circle_condition_c_v45_fps167_lossless.mp4,8.460009574890137
marrr_dataset\dataset_exp1_abc\condition_c_v45\circle_condition_c_v45_fps125_lossless.mp4, marrr_dataset\dataset_exp1_abc\condition_c_v45\circle_condition_c_v45_fps167_lossless.mp4,8.489749908447266
marrr_dataset\dataset_exp1_abc\condition_c_v45\circle_condition_c_v45_fps130_lossless.mp4, marrr_dataset\dataset_exp1_abc\condition_c_v45\circle_condition_c_v45_fps167_lossless.mp4,8.543123245239258
marrr_dataset\dataset_exp1_abc\condition_c_v45\circle_condition_c_v45_fps135_lossless.mp4, marrr_dataset\dataset_exp1_abc\condition_c_v45\circle_condition_c_v45_fps167_lossless.mp4,8.583375930786133
marrr_dataset\dataset_exp1_abc\condition_c_v45\circle_condition_c_v45_fps140_lossless.mp4, marrr_dataset\dataset_exp1_abc\condition_c_v45\circle_condition_c_v45_fps167_lossless.mp4,8.594232559204102
marrr_dataset\dataset_exp1_abc\condition_c_v45\circle_condition_c_v45_fps145_lossless.mp4, marrr_dataset\dataset_exp1_abc\condition_c_v45\circle_condition_c_v45_fps167_lossless.mp4,8.636991500854492
marrr_dataset\dataset_exp1_abc\condition_c_v45\circle_condition_c_v45_fps150_lossless.mp4, marrr_dataset\dataset_exp1_abc\condition_c_v45\circle_condition_c_v45_fps167_lossless.mp4,8.67758560180664
marrr_dataset\dataset_exp1_abc\condition_c_v45\circle_condition_c_v45_fps155_lossless.mp4, marrr_dataset\dataset_exp1_abc\condition_c_v45\circle_condition_c_v45_fps167_lossless.mp4,8.684943199157715
marrr_dataset\dataset_exp1_abc\condition_c_v45\circle_condition_c_v45_fps160_lossless.mp4, marrr_dataset\dataset_exp1_abc\condition_c_v45\circle_condition_c_v45_fps167_lossless.mp4,8.715993881225586
marrr_dataset\dataset_exp1_abc\condition_c_v45\circle_condition_c_v45_fps165_lossless.mp4, marrr_dataset\dataset_exp1_abc\condition_c_v45\circle_condition_c_v45_fps167_lossless.mp4,8.883387565612793
