budget,resolution
221.11400735815042, 0.5892737613047281
221.10851073185748, 0.6120297941574526
221.1039302099467, 0.6309931548680565
221.10026579241807, 0.6461638434365395
221.09934968803591, 0.6499565155786604
221.09721211114422, 0.6588060839102754
221.08744033106794, 0.6992612534262304
221.08041686413807, 0.7283384065158229
221.07919539162853, 0.7333953027053173
221.07827928724637, 0.737187974847438
221.07736318286422, 0.7409806469895588
221.07644707848206, 0.7447733191316797
221.07033971593435, 0.7700578000791514
220.82726668653592, 0.7763801417885289
221.0633162490045, 0.7991349531687439
221.05751425458422, 0.8231552100688422
220.81474659331317, 0.8282133277308461
221.0559874139473, 0.8294763303057101
221.05476594143775, 0.8345332264952044
221.0517122601639, 0.8471754669689404
221.0495746832722, 0.8560250353005554
221.04255121634233, 0.885102188390148
110.54173527270595, 0.3584801950447303
110.52005413566164, 0.44824010240825507
110.51822192689733, 0.4558254466924967
110.51211456434962, 0.4811099276399684
110.74236213239786, 0.5278849959202818
110.49959447112684, 0.5329431135822856
110.49257100419698, 0.5620202666718782
110.48921195479573, 0.5759267311929878
110.4882958504136, 0.5797194033351085
110.48615827352191, 0.5885689716667237
110.48402069663021, 0.5974185399983387
110.4800509109742, 0.6138534526141954
110.47852407033727, 0.6201745728510634
110.47150060340743, 0.6492517259406559
110.46997376277051, 0.6555728461775239
110.68678513321379, 0.7579737725422752
110.43577253250339, 0.797165939483366
110.42691685680921, 0.8338284368572001
110.4192826536246, 0.8654340380415398
110.41164845043997, 0.8970396392258796
82.7813295483972, 0.2865598936830328
82.76606114202795, 0.3497710960517122
83.00455364951557, 0.3624121150529386
82.75567862569685, 0.3927547136624143
82.75018199940394, 0.41551074651513886
82.74804442251224, 0.42436031484675396
82.74346390060145, 0.44332367555735785
82.74163169183714, 0.4509090198415995
82.97951346307002, 0.4660784869375729
82.736745801799, 0.47113660459957685
82.97676514992355, 0.4774565033639352
82.97065778737584, 0.502740984311407
82.72727938985005, 0.5103275500681581
82.72575254921313, 0.516648670305026
82.95019812284104, 0.5874439954854376
82.6939942639651, 0.6481279712318795
82.69246742332817, 0.6544490914687473
82.92821161766935, 0.6784681268963361
82.92240962324902, 0.7024883837964342
82.67750438508631, 0.7163960697900533
82.6655950281183, 0.7657008076376233
82.96974168299369, 0.5065336564535278
83.21922744306715, 0.47366260974930496
55.26033243595818, 0.22348793918044085
55.25147676026402, 0.26015043655427483
55.24720160648064, 0.27784957321750514
55.245980133971095, 0.2829064694069995
54.999242687044095, 0.30439949968486
55.23529224951262, 0.3271543110650751
55.234376145130476, 0.33094698320719584
55.233154672620934, 0.3360038793966902
55.229795623219694, 0.34991034391779974
54.98550112131176, 0.3612895818166715
55.22277215628984, 0.3789874970073923
55.2215506837803, 0.38404439319688666
55.22032921127076, 0.389101289386381
55.2194131068886, 0.39289396152850187
55.21055743119445, 0.42955645890233596
55.20445006864674, 0.4548409398498078
55.43378153231284, 0.5054086802722417
55.17757767343688, 0.5660926560186836
54.93297780340156, 0.5787361179649291
55.165362948341475, 0.6166616179136273
55.09329607027863, 0.9150184930937945
55.184906508494116, 0.5357512788817175
27.31243068143509, 0.9278012029061274
27.424500784185355, 0.4638309775200199
27.676734857405293, 0.4195819143894347
27.679177802424377, 0.409468122010446
27.43915845429983, 0.40314822324608757
27.462671800108474, 0.30580297159832115
27.70727167014379, 0.2931595096520757
27.467863058274013, 0.2843111627929701
27.71215756018195, 0.27293192489409834
27.472748948312173, 0.2640835780349926
27.47794020647772, 0.24259176922964165
27.481909992133723, 0.22615685661378493
27.48557440966234, 0.2109861680453019
27.487711986554032, 0.2021365997136867
27.48862809093619, 0.19834392757156605
27.489544195318345, 0.1945512554294453
27.491681772210036, 0.18570168709783008
27.490765667827887, 0.18949435923995084
27.492597876592193, 0.18190901495570933
27.49412471722912, 0.1755878947188414
27.49626229412081, 0.1667383263872263
27.98515666606408, 0.1427156265421089
27.98576740231885, 0.14018717844736184
13.546435498922655, 0.919021258507556
6.5580859037186485, 0.8507885826521588
13.639878145902443, 0.5321687000112376
6.890021058186065, 0.4765770431570666
6.681149259054777, 0.3413062915606021
13.933336916319362, 0.3172493904852177
13.938222806357523, 0.29702180572724035
13.958682470892313, 0.2123187945532098
6.720847115614816, 0.17695716540203543
6.970638243815685, 0.14282189465043882
13.723549012805911, 0.18577131103087385
13.726602694079766, 0.173129070557138
13.971202564115096, 0.16048560861089256
13.972424036624638, 0.15542871242139833
13.731793952245305, 0.15163726175178693
13.974866981643714, 0.14531492004240942
13.976088454153256, 0.1402580238529152
13.977615294790176, 0.13393690361604726
13.738206682920392, 0.12508855675694153
13.981279712318795, 0.11876621504756413
13.982501184828337, 0.11370931885806967
13.983722657337879, 0.10865242266857544
13.985554866102184, 0.10106707838433393
13.987387074866497, 0.0934817341000923
13.989524651758188, 0.0846321657684771
0, 0.0012642240473734745
6.973997293216918, 0.12891543012932938
6.73550478572929, 0.11627441112810322
6.494874701349971, 0.11248296045849193
6.980104655764613, 0.10363094918185756
6.741612148276992, 0.0909899301806314
6.742528252659142, 0.08719725803851064
6.985295913930159, 0.0821391403765066
6.986212018312315, 0.07834646823438585
6.987128122694472, 0.07455379609226498
6.746803406442531, 0.06949812137528022
6.748024878952073, 0.06444122518578588
6.748940983334229, 0.06064855304366512
6.749857087716386, 0.056855880901544364
6.750773192098535, 0.05306320875942361
