sessionId,observerId,time,trialName
1551374569,gd355,2019.2.28 17:22,Initial
1551376462,gd355,2019.2.28 17:54,Initial
1551878067,am2442,2019.3.6 13:14,Initial
1551878532,am2442,2019.3.6 13:22,Initial
1551884977,pmh64,2019.3.6 15:9,Initial
1551897112,gd355,2019.3.6 18:32,Initial
1551897134,gd355,2019.3.6 18:32,Initial
1551897244,gd355,2019.3.6 18:34,Initial
1552056762,fz261,2019.3.8 14:52,Initial
1552057070,fz261,2019.3.8 14:57,Initial
1552060934,fz261,2019.3.8 16:2,Initial
1552061468,fz261,2019.3.8 16:11,Initial
1552062123,fz261,2019.3.8 16:22,Initial
1552662687,gd355,2019.3.15 15:11,FPS60vs120
1552663903,gd355,2019.3.15 15:31,FPS60vs120
1552669792,am2442,2019.3.15 17:9,FPS60vs120
1552669973,am2442,2019.3.15 17:12,FPS60vs120
1552670471,am2442,2019.3.15 17:21,FPS60vs120
