observer_id,exp_config,scene,bandwith_condition1,refresh_rate_condtion1,bandwith_condition2,refresh_rate_condtion2,user_selection
aj577,ExperimentTPC2,FPS,202752000,0,202752000,30,1
aj577,ExperimentTPC2,RTS,202752000,0,202752000,60,1
aj577,ExperimentTPC2,FPS,202752000,0,202752000,30,1
aj577,ExperimentTPC2,FPS,202752000,0,202752000,120,1
aj577,ExperimentTPC2,RTS,202752000,30,202752000,0,2
aj577,ExperimentTPC2,RTS,202752000,0,202752000,120,1
aj577,ExperimentTPC2,RTS,202752000,120,202752000,0,2
aj577,ExperimentTPC2,FPS,202752000,120,202752000,0,2
aj577,ExperimentTPC2,RTS,202752000,0,202752000,120,1
aj577,ExperimentTPC2,RTS,202752000,120,202752000,0,1
aj577,ExperimentTPC2,RTS,202752000,0,202752000,60,1
aj577,ExperimentTPC2,RTS,202752000,0,202752000,60,1
aj577,ExperimentTPC2,FPS,202752000,30,202752000,0,2
aj577,ExperimentTPC2,FPS,202752000,0,202752000,60,1
aj577,ExperimentTPC2,RTS,202752000,0,202752000,30,1
aj577,ExperimentTPC2,FPS,202752000,60,202752000,0,2
aj577,ExperimentTPC2,RTS,202752000,120,202752000,0,2
aj577,ExperimentTPC2,FPS,202752000,0,202752000,120,1
aj577,ExperimentTPC2,FPS,202752000,0,202752000,120,2
aj577,ExperimentTPC2,FPS,202752000,120,202752000,0,1
aj577,ExperimentTPC2,FPS,202752000,30,202752000,0,2
aj577,ExperimentTPC2,FPS,202752000,30,202752000,0,2
aj577,ExperimentTPC2,FPS,202752000,60,202752000,0,2
aj577,ExperimentTPC2,FPS,202752000,0,202752000,30,1
aj577,ExperimentTPC2,FPS,202752000,0,202752000,30,1
aj577,ExperimentTPC2,RTS,202752000,60,202752000,0,1
aj577,ExperimentTPC2,RTS,202752000,60,202752000,0,2
aj577,ExperimentTPC2,RTS,202752000,30,202752000,0,2
aj577,ExperimentTPC2,RTS,202752000,30,202752000,0,2
aj577,ExperimentTPC2,FPS,202752000,0,202752000,60,2
aj577,ExperimentTPC2,FPS,202752000,60,202752000,0,2
aj577,ExperimentTPC2,FPS,202752000,120,202752000,0,2
aj577,ExperimentTPC2,FPS,202752000,0,202752000,120,1
aj577,ExperimentTPC2,RTS,202752000,60,202752000,0,2
aj577,ExperimentTPC2,RTS,202752000,30,202752000,0,2
aj577,ExperimentTPC2,FPS,202752000,0,202752000,60,1
aj577,ExperimentTPC2,FPS,202752000,0,202752000,60,1
aj577,ExperimentTPC2,RTS,202752000,120,202752000,0,1
aj577,ExperimentTPC2,RTS,202752000,0,202752000,30,1
aj577,ExperimentTPC2,RTS,202752000,120,202752000,0,2
aj577,ExperimentTPC2,RTS,202752000,60,202752000,0,2
aj577,ExperimentTPC2,RTS,202752000,0,202752000,30,1
gd355,ExperimentTPC2,FPS,202752000,60,202752000,0,2
gd355,ExperimentTPC2,RTS,202752000,60,202752000,0,2
gd355,ExperimentTPC2,RTS,202752000,0,202752000,120,1
gd355,ExperimentTPC2,RTS,202752000,0,202752000,30,1
gd355,ExperimentTPC2,FPS,202752000,60,202752000,0,2
gd355,ExperimentTPC2,FPS,202752000,0,202752000,120,1
gd355,ExperimentTPC2,RTS,202752000,30,202752000,0,2
gd355,ExperimentTPC2,FPS,202752000,0,202752000,30,1
gd355,ExperimentTPC2,RTS,202752000,0,202752000,120,1
gd355,ExperimentTPC2,FPS,202752000,60,202752000,0,2
gd355,ExperimentTPC2,FPS,202752000,120,202752000,0,2
gd355,ExperimentTPC2,FPS,202752000,0,202752000,60,1
gd355,ExperimentTPC2,RTS,202752000,30,202752000,0,2
gd355,ExperimentTPC2,FPS,202752000,0,202752000,120,1
gd355,ExperimentTPC2,FPS,202752000,30,202752000,0,2
gd355,ExperimentTPC2,FPS,202752000,30,202752000,0,2
gd355,ExperimentTPC2,RTS,202752000,0,202752000,30,1
gd355,ExperimentTPC2,RTS,202752000,120,202752000,0,2
gd355,ExperimentTPC2,FPS,202752000,120,202752000,0,2
gd355,ExperimentTPC2,FPS,202752000,60,202752000,0,2
gd355,ExperimentTPC2,RTS,202752000,0,202752000,60,1
gd355,ExperimentTPC2,RTS,202752000,60,202752000,0,1
gd355,ExperimentTPC2,RTS,202752000,0,202752000,120,1
gd355,ExperimentTPC2,FPS,202752000,120,202752000,0,2
gd355,ExperimentTPC2,FPS,202752000,0,202752000,120,1
gd355,ExperimentTPC2,FPS,202752000,0,202752000,30,1
gd355,ExperimentTPC2,FPS,202752000,0,202752000,30,1
gd355,ExperimentTPC2,RTS,202752000,0,202752000,120,1
gd355,ExperimentTPC2,FPS,202752000,30,202752000,0,2
gd355,ExperimentTPC2,FPS,202752000,30,202752000,0,2
gd355,ExperimentTPC2,RTS,202752000,60,202752000,0,2
gd355,ExperimentTPC2,RTS,202752000,0,202752000,30,1
gd355,ExperimentTPC2,RTS,202752000,0,202752000,30,1
gd355,ExperimentTPC2,RTS,202752000,0,202752000,60,1
gd355,ExperimentTPC2,FPS,202752000,0,202752000,60,1
gd355,ExperimentTPC2,RTS,202752000,0,202752000,120,1
gd355,ExperimentTPC2,RTS,202752000,60,202752000,0,2
gd355,ExperimentTPC2,FPS,202752000,60,202752000,0,2
gd355,ExperimentTPC2,RTS,202752000,0,202752000,30,1
gd355,ExperimentTPC2,RTS,202752000,60,202752000,0,2
gd355,ExperimentTPC2,RTS,202752000,0,202752000,120,1
gd355,ExperimentTPC2,FPS,202752000,120,202752000,0,2
rkm38,ExperimentTPC2,RTS,202752000,0,202752000,60,1
rkm38,ExperimentTPC2,RTS,202752000,120,202752000,0,2
rkm38,ExperimentTPC2,FPS,202752000,120,202752000,0,1
rkm38,ExperimentTPC2,FPS,202752000,0,202752000,60,1
rkm38,ExperimentTPC2,FPS,202752000,60,202752000,0,2
rkm38,ExperimentTPC2,FPS,202752000,0,202752000,120,2
rkm38,ExperimentTPC2,RTS,202752000,0,202752000,120,2
rkm38,ExperimentTPC2,RTS,202752000,0,202752000,120,1
rkm38,ExperimentTPC2,FPS,202752000,30,202752000,0,2
rkm38,ExperimentTPC2,FPS,202752000,0,202752000,30,1
rkm38,ExperimentTPC2,RTS,202752000,60,202752000,0,2
rkm38,ExperimentTPC2,RTS,202752000,0,202752000,30,1
rkm38,ExperimentTPC2,FPS,202752000,0,202752000,30,1
rkm38,ExperimentTPC2,RTS,202752000,30,202752000,0,2
rkm38,ExperimentTPC2,RTS,202752000,60,202752000,0,2
rkm38,ExperimentTPC2,RTS,202752000,120,202752000,0,2
rkm38,ExperimentTPC2,RTS,202752000,0,202752000,60,1
rkm38,ExperimentTPC2,FPS,202752000,0,202752000,120,2
rkm38,ExperimentTPC2,RTS,202752000,30,202752000,0,2
rkm38,ExperimentTPC2,FPS,202752000,0,202752000,120,1
rkm38,ExperimentTPC2,FPS,202752000,0,202752000,30,1
rkm38,ExperimentTPC2,RTS,202752000,60,202752000,0,2
rkm38,ExperimentTPC2,FPS,202752000,0,202752000,30,1
rkm38,ExperimentTPC2,RTS,202752000,0,202752000,120,1
rkm38,ExperimentTPC2,RTS,202752000,0,202752000,60,1
rkm38,ExperimentTPC2,RTS,202752000,30,202752000,0,2
rkm38,ExperimentTPC2,RTS,202752000,0,202752000,60,1
rkm38,ExperimentTPC2,FPS,202752000,30,202752000,0,2
rkm38,ExperimentTPC2,FPS,202752000,60,202752000,0,2
rkm38,ExperimentTPC2,RTS,202752000,0,202752000,30,1
rkm38,ExperimentTPC2,RTS,202752000,0,202752000,120,1
rkm38,ExperimentTPC2,FPS,202752000,60,202752000,0,2
rkm38,ExperimentTPC2,RTS,202752000,30,202752000,0,2
rkm38,ExperimentTPC2,FPS,202752000,120,202752000,0,1
rkm38,ExperimentTPC2,RTS,202752000,30,202752000,0,2
rkm38,ExperimentTPC2,FPS,202752000,120,202752000,0,2
rkm38,ExperimentTPC2,FPS,202752000,30,202752000,0,2
rkm38,ExperimentTPC2,RTS,202752000,120,202752000,0,1
rkm38,ExperimentTPC2,FPS,202752000,0,202752000,60,1
rkm38,ExperimentTPC2,FPS,202752000,0,202752000,60,1
rkm38,ExperimentTPC2,FPS,202752000,60,202752000,0,2
rkm38,ExperimentTPC2,FPS,202752000,120,202752000,0,2
pmh64,ExperimentTPC1,FPS,202752000,0,202752000,120,2
pmh64,ExperimentTPC1,FPS,202752000,0,202752000,120,2
pmh64,ExperimentTPC1,RTS,202752000,30,202752000,0,2
pmh64,ExperimentTPC1,RTS,202752000,120,202752000,0,2
pmh64,ExperimentTPC1,FPS,202752000,0,202752000,120,2
pmh64,ExperimentTPC1,FPS,202752000,0,202752000,60,1
pmh64,ExperimentTPC1,FPS,202752000,0,202752000,60,2
pmh64,ExperimentTPC1,FPS,202752000,120,202752000,0,1
pmh64,ExperimentTPC1,RTS,202752000,60,202752000,0,2
pmh64,ExperimentTPC1,FPS,202752000,30,202752000,0,2
pmh64,ExperimentTPC1,FPS,202752000,0,202752000,30,1
pmh64,ExperimentTPC1,RTS,202752000,120,202752000,0,1
pmh64,ExperimentTPC1,RTS,202752000,0,202752000,60,1
pmh64,ExperimentTPC1,FPS,202752000,60,202752000,0,1
pmh64,ExperimentTPC1,RTS,202752000,30,202752000,0,2
pmh64,ExperimentTPC1,RTS,202752000,30,202752000,0,2
pmh64,ExperimentTPC1,RTS,202752000,120,202752000,0,1
pmh64,ExperimentTPC1,FPS,202752000,120,202752000,0,2
pmh64,ExperimentTPC1,RTS,202752000,0,202752000,60,1
pmh64,ExperimentTPC1,FPS,202752000,30,202752000,0,2
pmh64,ExperimentTPC1,RTS,202752000,0,202752000,120,2
pmh64,ExperimentTPC1,FPS,202752000,0,202752000,30,1
pmh64,ExperimentTPC1,RTS,202752000,0,202752000,60,1
pmh64,ExperimentTPC1,FPS,202752000,0,202752000,30,1
pmh64,ExperimentTPC1,FPS,202752000,60,202752000,0,2
pmh64,ExperimentTPC1,FPS,202752000,120,202752000,0,2
pmh64,ExperimentTPC1,RTS,202752000,120,202752000,0,1
pmh64,ExperimentTPC1,RTS,202752000,0,202752000,30,1
pmh64,ExperimentTPC1,FPS,202752000,30,202752000,0,2
pmh64,ExperimentTPC1,RTS,202752000,60,202752000,0,2
pmh64,ExperimentTPC1,RTS,202752000,30,202752000,0,2
pmh64,ExperimentTPC1,FPS,202752000,0,202752000,30,1
pmh64,ExperimentTPC1,RTS,202752000,120,202752000,0,1
pmh64,ExperimentTPC1,RTS,202752000,30,202752000,0,2
pmh64,ExperimentTPC1,RTS,202752000,0,202752000,60,1
pmh64,ExperimentTPC1,FPS,202752000,60,202752000,0,2
pmh64,ExperimentTPC1,RTS,202752000,30,202752000,0,2
pmh64,ExperimentTPC1,FPS,202752000,120,202752000,0,1
pmh64,ExperimentTPC1,FPS,202752000,0,202752000,60,1
pmh64,ExperimentTPC1,RTS,202752000,0,202752000,120,2
pmh64,ExperimentTPC1,RTS,202752000,60,202752000,0,2
pmh64,ExperimentTPC1,FPS,202752000,60,202752000,0,1
dai24,ExperimentTPC1,RTS,202752000,60,202752000,0,2
dai24,ExperimentTPC1,RTS,202752000,120,202752000,0,2
dai24,ExperimentTPC1,RTS,202752000,60,202752000,0,2
dai24,ExperimentTPC1,FPS,202752000,0,202752000,120,1
dai24,ExperimentTPC1,FPS,202752000,120,202752000,0,2
dai24,ExperimentTPC1,RTS,202752000,0,202752000,30,1
dai24,ExperimentTPC1,RTS,202752000,0,202752000,30,1
dai24,ExperimentTPC1,FPS,202752000,0,202752000,60,2
dai24,ExperimentTPC1,FPS,202752000,0,202752000,60,2
dai24,ExperimentTPC1,FPS,202752000,0,202752000,60,1
dai24,ExperimentTPC1,RTS,202752000,60,202752000,0,1
dai24,ExperimentTPC1,FPS,202752000,0,202752000,120,2
dai24,ExperimentTPC1,RTS,202752000,0,202752000,30,1
dai24,ExperimentTPC1,FPS,202752000,60,202752000,0,2
dai24,ExperimentTPC1,FPS,202752000,120,202752000,0,2
dai24,ExperimentTPC1,FPS,202752000,120,202752000,0,2
dai24,ExperimentTPC1,RTS,202752000,0,202752000,60,1
dai24,ExperimentTPC1,RTS,202752000,30,202752000,0,2
dai24,ExperimentTPC1,FPS,202752000,0,202752000,30,1
dai24,ExperimentTPC1,RTS,202752000,120,202752000,0,1
dai24,ExperimentTPC1,FPS,202752000,0,202752000,60,1
dai24,ExperimentTPC1,FPS,202752000,0,202752000,60,2
dai24,ExperimentTPC1,FPS,202752000,0,202752000,30,1
dai24,ExperimentTPC1,FPS,202752000,120,202752000,0,2
dai24,ExperimentTPC1,FPS,202752000,0,202752000,60,2
dai24,ExperimentTPC1,RTS,202752000,30,202752000,0,2
dai24,ExperimentTPC1,FPS,202752000,30,202752000,0,2
dai24,ExperimentTPC1,RTS,202752000,120,202752000,0,2
dai24,ExperimentTPC1,RTS,202752000,120,202752000,0,1
dai24,ExperimentTPC1,RTS,202752000,30,202752000,0,2
dai24,ExperimentTPC1,FPS,202752000,120,202752000,0,2
dai24,ExperimentTPC1,RTS,202752000,120,202752000,0,1
dai24,ExperimentTPC1,FPS,202752000,30,202752000,0,2
dai24,ExperimentTPC1,FPS,202752000,30,202752000,0,2
dai24,ExperimentTPC1,RTS,202752000,0,202752000,60,1
dai24,ExperimentTPC1,RTS,202752000,120,202752000,0,1
dai24,ExperimentTPC1,RTS,202752000,0,202752000,60,1
dai24,ExperimentTPC1,RTS,202752000,0,202752000,120,2
dai24,ExperimentTPC1,RTS,202752000,60,202752000,0,2
dai24,ExperimentTPC1,RTS,202752000,0,202752000,30,1
dai24,ExperimentTPC1,FPS,202752000,30,202752000,0,2
dai24,ExperimentTPC1,FPS,202752000,30,202752000,0,2
fz261,ExperimentTPC1,FPS,202752000,0,202752000,60,1
fz261,ExperimentTPC1,FPS,202752000,120,202752000,0,1
fz261,ExperimentTPC1,RTS,202752000,0,202752000,60,1
fz261,ExperimentTPC1,FPS,202752000,0,202752000,120,1
fz261,ExperimentTPC1,FPS,202752000,120,202752000,0,2
fz261,ExperimentTPC1,FPS,202752000,30,202752000,0,2
fz261,ExperimentTPC1,RTS,202752000,0,202752000,60,1
fz261,ExperimentTPC1,FPS,202752000,0,202752000,120,1
fz261,ExperimentTPC1,RTS,202752000,0,202752000,60,1
fz261,ExperimentTPC1,FPS,202752000,60,202752000,0,2
fz261,ExperimentTPC1,FPS,202752000,0,202752000,60,1
fz261,ExperimentTPC1,FPS,202752000,0,202752000,120,1
fz261,ExperimentTPC1,RTS,202752000,0,202752000,30,1
fz261,ExperimentTPC1,RTS,202752000,0,202752000,120,1
fz261,ExperimentTPC1,RTS,202752000,120,202752000,0,2
fz261,ExperimentTPC1,RTS,202752000,0,202752000,120,1
fz261,ExperimentTPC1,RTS,202752000,60,202752000,0,2
fz261,ExperimentTPC1,RTS,202752000,60,202752000,0,2
fz261,ExperimentTPC1,RTS,202752000,30,202752000,0,2
fz261,ExperimentTPC1,FPS,202752000,0,202752000,60,2
fz261,ExperimentTPC1,FPS,202752000,0,202752000,30,1
fz261,ExperimentTPC1,RTS,202752000,0,202752000,60,1
fz261,ExperimentTPC1,FPS,202752000,0,202752000,30,1
fz261,ExperimentTPC1,FPS,202752000,60,202752000,0,2
fz261,ExperimentTPC1,FPS,202752000,30,202752000,0,2
fz261,ExperimentTPC1,RTS,202752000,0,202752000,120,1
fz261,ExperimentTPC1,FPS,202752000,60,202752000,0,1
fz261,ExperimentTPC1,FPS,202752000,0,202752000,30,1
fz261,ExperimentTPC1,RTS,202752000,0,202752000,60,1
fz261,ExperimentTPC1,RTS,202752000,30,202752000,0,2
fz261,ExperimentTPC1,FPS,202752000,0,202752000,60,2
fz261,ExperimentTPC1,RTS,202752000,120,202752000,0,2
fz261,ExperimentTPC1,FPS,202752000,30,202752000,0,2
fz261,ExperimentTPC1,RTS,202752000,0,202752000,30,1
fz261,ExperimentTPC1,RTS,202752000,0,202752000,120,1
fz261,ExperimentTPC1,FPS,202752000,30,202752000,0,2
fz261,ExperimentTPC1,FPS,202752000,0,202752000,120,1
fz261,ExperimentTPC1,RTS,202752000,0,202752000,120,1
fz261,ExperimentTPC1,FPS,202752000,120,202752000,0,2
fz261,ExperimentTPC1,RTS,202752000,30,202752000,0,2
fz261,ExperimentTPC1,RTS,202752000,0,202752000,30,1
fz261,ExperimentTPC1,RTS,202752000,0,202752000,30,1
kw514,ExperimentTPC1,RTS,202752000,30,202752000,0,2
kw514,ExperimentTPC1,RTS,202752000,0,202752000,60,1
kw514,ExperimentTPC1,RTS,202752000,0,202752000,30,1
kw514,ExperimentTPC1,FPS,202752000,120,202752000,0,1
kw514,ExperimentTPC1,RTS,202752000,30,202752000,0,2
kw514,ExperimentTPC1,FPS,202752000,0,202752000,30,1
kw514,ExperimentTPC1,RTS,202752000,0,202752000,120,1
kw514,ExperimentTPC1,RTS,202752000,0,202752000,30,1
kw514,ExperimentTPC1,FPS,202752000,0,202752000,120,2
kw514,ExperimentTPC1,RTS,202752000,60,202752000,0,2
kw514,ExperimentTPC1,FPS,202752000,0,202752000,30,1
kw514,ExperimentTPC1,FPS,202752000,60,202752000,0,2
kw514,ExperimentTPC1,RTS,202752000,120,202752000,0,2
kw514,ExperimentTPC1,FPS,202752000,0,202752000,120,2
kw514,ExperimentTPC1,RTS,202752000,30,202752000,0,2
kw514,ExperimentTPC1,FPS,202752000,0,202752000,30,1
kw514,ExperimentTPC1,RTS,202752000,120,202752000,0,2
kw514,ExperimentTPC1,FPS,202752000,30,202752000,0,2
kw514,ExperimentTPC1,FPS,202752000,0,202752000,120,1
kw514,ExperimentTPC1,RTS,202752000,0,202752000,60,1
kw514,ExperimentTPC1,RTS,202752000,0,202752000,60,1
kw514,ExperimentTPC1,FPS,202752000,0,202752000,60,1
kw514,ExperimentTPC1,FPS,202752000,30,202752000,0,2
kw514,ExperimentTPC1,FPS,202752000,0,202752000,120,1
kw514,ExperimentTPC1,FPS,202752000,120,202752000,0,2
kw514,ExperimentTPC1,RTS,202752000,120,202752000,0,2
kw514,ExperimentTPC1,FPS,202752000,0,202752000,60,1
kw514,ExperimentTPC1,RTS,202752000,120,202752000,0,2
kw514,ExperimentTPC1,RTS,202752000,0,202752000,60,1
kw514,ExperimentTPC1,FPS,202752000,30,202752000,0,2
kw514,ExperimentTPC1,RTS,202752000,60,202752000,0,2
kw514,ExperimentTPC1,RTS,202752000,120,202752000,0,2
kw514,ExperimentTPC1,FPS,202752000,0,202752000,60,1
kw514,ExperimentTPC1,RTS,202752000,30,202752000,0,2
kw514,ExperimentTPC1,RTS,202752000,30,202752000,0,2
kw514,ExperimentTPC1,FPS,202752000,30,202752000,0,2
kw514,ExperimentTPC1,FPS,202752000,120,202752000,0,2
kw514,ExperimentTPC1,FPS,202752000,0,202752000,60,1
kw514,ExperimentTPC1,FPS,202752000,0,202752000,60,1
kw514,ExperimentTPC1,RTS,202752000,120,202752000,0,2
kw514,ExperimentTPC1,RTS,202752000,60,202752000,0,2
kw514,ExperimentTPC1,FPS,202752000,0,202752000,60,1
nc528,ExperimentTPC1,FPS,202752000,30,202752000,0,2
nc528,ExperimentTPC1,RTS,202752000,0,202752000,30,1
nc528,ExperimentTPC1,RTS,202752000,0,202752000,60,1
nc528,ExperimentTPC1,RTS,202752000,120,202752000,0,2
nc528,ExperimentTPC1,RTS,202752000,0,202752000,120,2
nc528,ExperimentTPC1,FPS,202752000,60,202752000,0,1
nc528,ExperimentTPC1,FPS,202752000,30,202752000,0,2
nc528,ExperimentTPC1,FPS,202752000,0,202752000,120,2
nc528,ExperimentTPC1,FPS,202752000,0,202752000,60,2
nc528,ExperimentTPC1,FPS,202752000,120,202752000,0,2
nc528,ExperimentTPC1,FPS,202752000,120,202752000,0,1
nc528,ExperimentTPC1,FPS,202752000,60,202752000,0,1
nc528,ExperimentTPC1,RTS,202752000,60,202752000,0,1
nc528,ExperimentTPC1,RTS,202752000,0,202752000,60,2
nc528,ExperimentTPC1,RTS,202752000,0,202752000,60,2
nc528,ExperimentTPC1,FPS,202752000,60,202752000,0,1
nc528,ExperimentTPC1,FPS,202752000,30,202752000,0,2
nc528,ExperimentTPC1,FPS,202752000,0,202752000,60,2
nc528,ExperimentTPC1,RTS,202752000,0,202752000,120,1
nc528,ExperimentTPC1,FPS,202752000,0,202752000,30,1
nc528,ExperimentTPC1,RTS,202752000,0,202752000,30,1
nc528,ExperimentTPC1,RTS,202752000,0,202752000,120,2
nc528,ExperimentTPC1,RTS,202752000,0,202752000,30,1
nc528,ExperimentTPC1,RTS,202752000,60,202752000,0,1
nc528,ExperimentTPC1,FPS,202752000,30,202752000,0,2
nc528,ExperimentTPC1,FPS,202752000,30,202752000,0,2
nc528,ExperimentTPC1,RTS,202752000,60,202752000,0,1
nc528,ExperimentTPC1,RTS,202752000,0,202752000,30,1
nc528,ExperimentTPC1,FPS,202752000,0,202752000,60,2
nc528,ExperimentTPC1,RTS,202752000,30,202752000,0,2
nc528,ExperimentTPC1,FPS,202752000,0,202752000,120,1
nc528,ExperimentTPC1,RTS,202752000,0,202752000,120,2
nc528,ExperimentTPC1,FPS,202752000,120,202752000,0,2
nc528,ExperimentTPC1,FPS,202752000,120,202752000,0,2
nc528,ExperimentTPC1,RTS,202752000,30,202752000,0,2
nc528,ExperimentTPC1,RTS,202752000,0,202752000,120,2
nc528,ExperimentTPC1,FPS,202752000,0,202752000,60,2
nc528,ExperimentTPC1,FPS,202752000,0,202752000,30,1
nc528,ExperimentTPC1,RTS,202752000,60,202752000,0,2
nc528,ExperimentTPC1,RTS,202752000,120,202752000,0,2
nc528,ExperimentTPC1,RTS,202752000,30,202752000,0,2
nc528,ExperimentTPC1,FPS,202752000,0,202752000,120,1
am2442,ExperimentTPC2,RTS,202752000,0,202752000,60,1
am2442,ExperimentTPC2,FPS,202752000,120,202752000,0,1
am2442,ExperimentTPC2,FPS,202752000,120,202752000,0,2
am2442,ExperimentTPC2,FPS,202752000,30,202752000,0,2
am2442,ExperimentTPC2,FPS,202752000,0,202752000,60,2
am2442,ExperimentTPC2,FPS,202752000,0,202752000,60,2
am2442,ExperimentTPC2,FPS,202752000,0,202752000,30,1
am2442,ExperimentTPC2,RTS,202752000,60,202752000,0,2
am2442,ExperimentTPC2,RTS,202752000,0,202752000,120,2
am2442,ExperimentTPC2,FPS,202752000,120,202752000,0,1
am2442,ExperimentTPC2,RTS,202752000,120,202752000,0,1
am2442,ExperimentTPC2,RTS,202752000,30,202752000,0,2
am2442,ExperimentTPC2,FPS,202752000,30,202752000,0,2
am2442,ExperimentTPC2,RTS,202752000,0,202752000,30,1
am2442,ExperimentTPC2,RTS,202752000,120,202752000,0,2
am2442,ExperimentTPC2,FPS,202752000,30,202752000,0,1
am2442,ExperimentTPC2,FPS,202752000,0,202752000,60,2
am2442,ExperimentTPC2,FPS,202752000,0,202752000,120,1
am2442,ExperimentTPC2,RTS,202752000,0,202752000,120,1
am2442,ExperimentTPC2,FPS,202752000,60,202752000,0,1
am2442,ExperimentTPC2,RTS,202752000,0,202752000,60,1
am2442,ExperimentTPC2,RTS,202752000,0,202752000,30,1
am2442,ExperimentTPC2,FPS,202752000,30,202752000,0,2
am2442,ExperimentTPC2,RTS,202752000,0,202752000,30,1
am2442,ExperimentTPC2,FPS,202752000,30,202752000,0,2
am2442,ExperimentTPC2,RTS,202752000,120,202752000,0,1
am2442,ExperimentTPC2,RTS,202752000,0,202752000,30,1
am2442,ExperimentTPC2,FPS,202752000,0,202752000,120,1
am2442,ExperimentTPC2,FPS,202752000,60,202752000,0,1
am2442,ExperimentTPC2,RTS,202752000,60,202752000,0,2
am2442,ExperimentTPC2,RTS,202752000,30,202752000,0,2
am2442,ExperimentTPC2,FPS,202752000,60,202752000,0,1
am2442,ExperimentTPC2,RTS,202752000,30,202752000,0,2
am2442,ExperimentTPC2,FPS,202752000,0,202752000,30,1
am2442,ExperimentTPC2,FPS,202752000,120,202752000,0,1
am2442,ExperimentTPC2,RTS,202752000,120,202752000,0,2
am2442,ExperimentTPC2,FPS,202752000,0,202752000,60,2
am2442,ExperimentTPC2,FPS,202752000,120,202752000,0,1
am2442,ExperimentTPC2,RTS,202752000,0,202752000,60,1
am2442,ExperimentTPC2,RTS,202752000,120,202752000,0,1
am2442,ExperimentTPC2,RTS,202752000,0,202752000,60,1
am2442,ExperimentTPC2,RTS,202752000,60,202752000,0,2
hdw29,ExperimentTPC1,FPS,202752000,0,202752000,30,1
hdw29,ExperimentTPC1,FPS,202752000,120,202752000,0,2
hdw29,ExperimentTPC1,FPS,202752000,60,202752000,0,1
hdw29,ExperimentTPC1,FPS,202752000,0,202752000,60,2
hdw29,ExperimentTPC1,FPS,202752000,120,202752000,0,2
hdw29,ExperimentTPC1,RTS,202752000,30,202752000,0,2
hdw29,ExperimentTPC1,RTS,202752000,60,202752000,0,2
hdw29,ExperimentTPC1,RTS,202752000,30,202752000,0,2
hdw29,ExperimentTPC1,FPS,202752000,30,202752000,0,2
hdw29,ExperimentTPC1,FPS,202752000,0,202752000,60,1
hdw29,ExperimentTPC1,RTS,202752000,0,202752000,60,1
hdw29,ExperimentTPC1,RTS,202752000,0,202752000,120,1
hdw29,ExperimentTPC1,RTS,202752000,0,202752000,30,1
hdw29,ExperimentTPC1,RTS,202752000,60,202752000,0,1
hdw29,ExperimentTPC1,FPS,202752000,0,202752000,30,1
hdw29,ExperimentTPC1,RTS,202752000,0,202752000,30,1
hdw29,ExperimentTPC1,FPS,202752000,60,202752000,0,1
hdw29,ExperimentTPC1,FPS,202752000,0,202752000,30,1
hdw29,ExperimentTPC1,FPS,202752000,120,202752000,0,1
hdw29,ExperimentTPC1,FPS,202752000,0,202752000,60,2
hdw29,ExperimentTPC1,RTS,202752000,120,202752000,0,2
hdw29,ExperimentTPC1,RTS,202752000,0,202752000,120,1
hdw29,ExperimentTPC1,RTS,202752000,120,202752000,0,2
hdw29,ExperimentTPC1,FPS,202752000,120,202752000,0,1
hdw29,ExperimentTPC1,RTS,202752000,0,202752000,30,1
hdw29,ExperimentTPC1,RTS,202752000,0,202752000,120,1
hdw29,ExperimentTPC1,RTS,202752000,0,202752000,30,1
hdw29,ExperimentTPC1,RTS,202752000,0,202752000,60,2
hdw29,ExperimentTPC1,RTS,202752000,0,202752000,30,1
hdw29,ExperimentTPC1,FPS,202752000,120,202752000,0,2
hdw29,ExperimentTPC1,FPS,202752000,0,202752000,30,1
hdw29,ExperimentTPC1,FPS,202752000,0,202752000,120,2
hdw29,ExperimentTPC1,FPS,202752000,0,202752000,120,1
hdw29,ExperimentTPC1,FPS,202752000,30,202752000,0,2
hdw29,ExperimentTPC1,RTS,202752000,0,202752000,60,1
hdw29,ExperimentTPC1,FPS,202752000,0,202752000,60,2
hdw29,ExperimentTPC1,RTS,202752000,120,202752000,0,2
hdw29,ExperimentTPC1,RTS,202752000,60,202752000,0,2
hdw29,ExperimentTPC1,FPS,202752000,0,202752000,60,2
hdw29,ExperimentTPC1,FPS,202752000,30,202752000,0,2
hdw29,ExperimentTPC1,RTS,202752000,120,202752000,0,1
hdw29,ExperimentTPC1,RTS,202752000,0,202752000,60,1
aoy20,ExperimentTPC1,FPS,202752000,30,202752000,0,2
aoy20,ExperimentTPC1,RTS,202752000,60,202752000,0,1
aoy20,ExperimentTPC1,RTS,202752000,120,202752000,0,1
aoy20,ExperimentTPC1,FPS,202752000,0,202752000,30,1
aoy20,ExperimentTPC1,FPS,202752000,0,202752000,120,2
aoy20,ExperimentTPC1,RTS,202752000,0,202752000,120,2
aoy20,ExperimentTPC1,RTS,202752000,0,202752000,60,2
aoy20,ExperimentTPC1,FPS,202752000,0,202752000,60,2
aoy20,ExperimentTPC1,FPS,202752000,0,202752000,60,1
aoy20,ExperimentTPC1,FPS,202752000,0,202752000,60,1
aoy20,ExperimentTPC1,FPS,202752000,0,202752000,30,1
aoy20,ExperimentTPC1,FPS,202752000,0,202752000,120,2
aoy20,ExperimentTPC1,FPS,202752000,0,202752000,30,2
aoy20,ExperimentTPC1,RTS,202752000,0,202752000,120,1
aoy20,ExperimentTPC1,RTS,202752000,60,202752000,0,1
aoy20,ExperimentTPC1,RTS,202752000,120,202752000,0,1
aoy20,ExperimentTPC1,RTS,202752000,0,202752000,120,2
aoy20,ExperimentTPC1,FPS,202752000,120,202752000,0,2
aoy20,ExperimentTPC1,RTS,202752000,30,202752000,0,2
aoy20,ExperimentTPC1,FPS,202752000,60,202752000,0,1
aoy20,ExperimentTPC1,RTS,202752000,60,202752000,0,2
aoy20,ExperimentTPC1,FPS,202752000,30,202752000,0,1
aoy20,ExperimentTPC1,RTS,202752000,0,202752000,30,2
aoy20,ExperimentTPC1,RTS,202752000,120,202752000,0,1
aoy20,ExperimentTPC1,FPS,202752000,120,202752000,0,2
aoy20,ExperimentTPC1,RTS,202752000,0,202752000,30,1
aoy20,ExperimentTPC1,FPS,202752000,0,202752000,60,2
aoy20,ExperimentTPC1,RTS,202752000,0,202752000,60,2
aoy20,ExperimentTPC1,RTS,202752000,0,202752000,30,1
aoy20,ExperimentTPC1,FPS,202752000,30,202752000,0,1
aoy20,ExperimentTPC1,FPS,202752000,0,202752000,120,2
aoy20,ExperimentTPC1,FPS,202752000,30,202752000,0,2
aoy20,ExperimentTPC1,FPS,202752000,120,202752000,0,2
aoy20,ExperimentTPC1,FPS,202752000,60,202752000,0,1
aoy20,ExperimentTPC1,RTS,202752000,0,202752000,120,2
aoy20,ExperimentTPC1,FPS,202752000,60,202752000,0,1
aoy20,ExperimentTPC1,RTS,202752000,0,202752000,30,1
aoy20,ExperimentTPC1,RTS,202752000,60,202752000,0,2
aoy20,ExperimentTPC1,FPS,202752000,120,202752000,0,2
aoy20,ExperimentTPC1,RTS,202752000,30,202752000,0,2
aoy20,ExperimentTPC1,RTS,202752000,0,202752000,30,1
aoy20,ExperimentTPC1,RTS,202752000,60,202752000,0,2
am2806,ExperimentTPC1,RTS,202752000,120,202752000,0,2
am2806,ExperimentTPC1,FPS,202752000,0,202752000,60,2
am2806,ExperimentTPC1,RTS,202752000,0,202752000,120,2
am2806,ExperimentTPC1,FPS,202752000,120,202752000,0,2
am2806,ExperimentTPC1,RTS,202752000,60,202752000,0,1
am2806,ExperimentTPC1,FPS,202752000,0,202752000,120,1
am2806,ExperimentTPC1,FPS,202752000,0,202752000,60,2
am2806,ExperimentTPC1,RTS,202752000,0,202752000,30,1
am2806,ExperimentTPC1,RTS,202752000,60,202752000,0,1
am2806,ExperimentTPC1,RTS,202752000,30,202752000,0,2
am2806,ExperimentTPC1,FPS,202752000,60,202752000,0,1
am2806,ExperimentTPC1,RTS,202752000,120,202752000,0,2
am2806,ExperimentTPC1,RTS,202752000,30,202752000,0,1
am2806,ExperimentTPC1,RTS,202752000,30,202752000,0,2
am2806,ExperimentTPC1,RTS,202752000,60,202752000,0,2
am2806,ExperimentTPC1,RTS,202752000,0,202752000,120,2
am2806,ExperimentTPC1,FPS,202752000,30,202752000,0,2
am2806,ExperimentTPC1,RTS,202752000,60,202752000,0,1
am2806,ExperimentTPC1,FPS,202752000,120,202752000,0,2
am2806,ExperimentTPC1,RTS,202752000,0,202752000,30,1
am2806,ExperimentTPC1,RTS,202752000,120,202752000,0,1
am2806,ExperimentTPC1,RTS,202752000,60,202752000,0,1
am2806,ExperimentTPC1,FPS,202752000,30,202752000,0,2
am2806,ExperimentTPC1,FPS,202752000,0,202752000,60,1
am2806,ExperimentTPC1,RTS,202752000,0,202752000,30,2
am2806,ExperimentTPC1,RTS,202752000,0,202752000,60,2
am2806,ExperimentTPC1,RTS,202752000,0,202752000,30,1
am2806,ExperimentTPC1,RTS,202752000,120,202752000,0,1
am2806,ExperimentTPC1,FPS,202752000,120,202752000,0,1
am2806,ExperimentTPC1,FPS,202752000,60,202752000,0,1
am2806,ExperimentTPC1,FPS,202752000,60,202752000,0,1
am2806,ExperimentTPC1,FPS,202752000,30,202752000,0,1
am2806,ExperimentTPC1,FPS,202752000,0,202752000,30,1
am2806,ExperimentTPC1,FPS,202752000,0,202752000,60,2
am2806,ExperimentTPC1,FPS,202752000,30,202752000,0,1
am2806,ExperimentTPC1,RTS,202752000,120,202752000,0,2
am2806,ExperimentTPC1,FPS,202752000,120,202752000,0,2
am2806,ExperimentTPC1,FPS,202752000,30,202752000,0,2
am2806,ExperimentTPC1,FPS,202752000,30,202752000,0,2
am2806,ExperimentTPC1,FPS,202752000,120,202752000,0,1
am2806,ExperimentTPC1,RTS,202752000,0,202752000,60,2
am2806,ExperimentTPC1,FPS,202752000,120,202752000,0,2
ma912,ExperimentTPC1,FPS,202752000,30,202752000,0,1
ma912,ExperimentTPC1,RTS,202752000,60,202752000,0,1
ma912,ExperimentTPC1,RTS,202752000,0,202752000,120,2
ma912,ExperimentTPC1,FPS,202752000,120,202752000,0,2
ma912,ExperimentTPC1,FPS,202752000,0,202752000,30,2
ma912,ExperimentTPC1,FPS,202752000,30,202752000,0,2
ma912,ExperimentTPC1,FPS,202752000,0,202752000,120,1
ma912,ExperimentTPC1,FPS,202752000,60,202752000,0,1
ma912,ExperimentTPC1,FPS,202752000,0,202752000,30,2
ma912,ExperimentTPC1,FPS,202752000,60,202752000,0,1
ma912,ExperimentTPC1,RTS,202752000,60,202752000,0,1
ma912,ExperimentTPC1,RTS,202752000,60,202752000,0,1
ma912,ExperimentTPC1,RTS,202752000,120,202752000,0,2
ma912,ExperimentTPC1,RTS,202752000,30,202752000,0,1
ma912,ExperimentTPC1,FPS,202752000,0,202752000,60,2
ma912,ExperimentTPC1,RTS,202752000,0,202752000,120,2
ma912,ExperimentTPC1,FPS,202752000,0,202752000,60,2
ma912,ExperimentTPC1,RTS,202752000,30,202752000,0,1
ma912,ExperimentTPC1,RTS,202752000,0,202752000,30,1
ma912,ExperimentTPC1,FPS,202752000,120,202752000,0,1
ma912,ExperimentTPC1,RTS,202752000,0,202752000,30,1
ma912,ExperimentTPC1,RTS,202752000,120,202752000,0,1
ma912,ExperimentTPC1,FPS,202752000,60,202752000,0,1
ma912,ExperimentTPC1,RTS,202752000,0,202752000,60,1
ma912,ExperimentTPC1,FPS,202752000,120,202752000,0,1
ma912,ExperimentTPC1,FPS,202752000,30,202752000,0,2
ma912,ExperimentTPC1,FPS,202752000,0,202752000,30,2
ma912,ExperimentTPC1,RTS,202752000,120,202752000,0,1
ma912,ExperimentTPC1,FPS,202752000,0,202752000,60,2
ma912,ExperimentTPC1,FPS,202752000,120,202752000,0,2
ma912,ExperimentTPC1,FPS,202752000,30,202752000,0,1
ma912,ExperimentTPC1,RTS,202752000,0,202752000,120,2
ma912,ExperimentTPC1,RTS,202752000,60,202752000,0,1
ma912,ExperimentTPC1,RTS,202752000,0,202752000,60,2
ma912,ExperimentTPC1,FPS,202752000,60,202752000,0,1
ma912,ExperimentTPC1,FPS,202752000,120,202752000,0,1
ma912,ExperimentTPC1,RTS,202752000,30,202752000,0,2
ma912,ExperimentTPC1,RTS,202752000,0,202752000,30,1
ma912,ExperimentTPC1,RTS,202752000,30,202752000,0,2
ma912,ExperimentTPC1,RTS,202752000,60,202752000,0,2
ma912,ExperimentTPC1,FPS,202752000,120,202752000,0,2
ma912,ExperimentTPC1,RTS,202752000,120,202752000,0,1
