observer_id,exp_config,scene,bandwith_condition1,refresh_rate_condtion1,bandwith_condition2,refresh_rate_condtion2,user_selection,shooting_time
aj577,ExperimentPC1,Shooting,60825600,30,60825600,0,1,10
aj577,ExperimentPC1,Shooting,60825600,30,60825600,0,1,8.97422
aj577,ExperimentPC1,Shooting,60825600,0,60825600,120,1,8.634585
aj577,ExperimentPC1,Plank,60825600,0,60825600,60,2,-1
aj577,ExperimentPC1,Plank,60825600,0,60825600,120,1,-1
aj577,ExperimentPC1,Shooting,60825600,0,60825600,60,2,9.735542
aj577,ExperimentPC1,Birdeye,60825600,30,60825600,0,2,-1
aj577,ExperimentPC1,Plank,60825600,0,60825600,30,1,-1
aj577,ExperimentPC1,Birdeye,60825600,0,60825600,60,2,-1
aj577,ExperimentPC1,Plank,60825600,120,60825600,0,2,-1
aj577,ExperimentPC1,Birdeye,60825600,0,60825600,60,2,-1
aj577,ExperimentPC1,Birdeye,60825600,0,60825600,30,1,-1
aj577,ExperimentPC1,Plank,60825600,0,60825600,60,1,-1
aj577,ExperimentPC1,Plank,60825600,30,60825600,0,2,-1
aj577,ExperimentPC1,Birdeye,60825600,0,60825600,120,1,-1
aj577,ExperimentPC1,Plank,60825600,120,60825600,0,2,-1
aj577,ExperimentPC1,Plank,60825600,0,60825600,60,2,-1
aj577,ExperimentPC1,Shooting,60825600,0,60825600,120,2,10
aj577,ExperimentPC1,Plank,60825600,30,60825600,0,2,-1
aj577,ExperimentPC1,Shooting,60825600,0,60825600,120,1,10
aj577,ExperimentPC1,Birdeye,60825600,60,60825600,0,1,-1
aj577,ExperimentPC1,Birdeye,60825600,120,60825600,0,2,-1
aj577,ExperimentPC1,Shooting,60825600,0,60825600,30,1,10
aj577,ExperimentPC1,Birdeye,60825600,120,60825600,0,2,-1
aj577,ExperimentPC1,Shooting,60825600,60,60825600,0,1,10
aj577,ExperimentPC1,Shooting,60825600,60,60825600,0,2,9.78366852
aj577,ExperimentPC1,Birdeye,60825600,0,60825600,30,1,-1
am2442,ExperimentPC1,Shooting,60825600,60,60825600,0,2,7.36815262
am2442,ExperimentPC1,Birdeye,60825600,0,60825600,120,2,-1
am2442,ExperimentPC1,Plank,60825600,120,60825600,0,1,-1
am2442,ExperimentPC1,Birdeye,60825600,120,60825600,0,1,-1
am2442,ExperimentPC1,Shooting,60825600,0,60825600,120,2,7.15823269
am2442,ExperimentPC1,Plank,60825600,0,60825600,120,1,-1
am2442,ExperimentPC1,Shooting,60825600,0,60825600,30,1,10
am2442,ExperimentPC1,Birdeye,60825600,60,60825600,0,2,-1
am2442,ExperimentPC1,Birdeye,60825600,0,60825600,60,2,-1
am2442,ExperimentPC1,Shooting,60825600,60,60825600,0,1,8.411504
am2442,ExperimentPC1,Birdeye,60825600,0,60825600,120,1,-1
am2442,ExperimentPC1,Birdeye,60825600,30,60825600,0,2,-1
am2442,ExperimentPC1,Plank,60825600,0,60825600,30,2,-1
am2442,ExperimentPC1,Plank,60825600,0,60825600,60,1,-1
am2442,ExperimentPC1,Shooting,60825600,0,60825600,30,2,8.764574
am2442,ExperimentPC1,Plank,60825600,30,60825600,0,1,-1
am2442,ExperimentPC1,Birdeye,60825600,0,60825600,60,2,-1
am2442,ExperimentPC1,Shooting,60825600,120,60825600,0,1,8.273127
am2442,ExperimentPC1,Shooting,60825600,60,60825600,0,2,7.32950735
am2442,ExperimentPC1,Birdeye,60825600,30,60825600,0,2,-1
am2442,ExperimentPC1,Plank,60825600,60,60825600,0,1,-1
am2442,ExperimentPC1,Plank,60825600,0,60825600,120,1,-1
am2442,ExperimentPC1,Plank,60825600,30,60825600,0,1,-1
am2442,ExperimentPC1,Shooting,60825600,30,60825600,0,1,9.311474
am2442,ExperimentPC1,Plank,60825600,60,60825600,0,1,-1
am2442,ExperimentPC1,Shooting,60825600,0,60825600,120,1,7.460853
am2442,ExperimentPC1,Birdeye,60825600,0,60825600,30,1,-1
pmh64,ExperimentPC1,Plank,60825600,0,60825600,120,2,-1
pmh64,ExperimentPC1,Shooting,60825600,0,60825600,30,1,10
pmh64,ExperimentPC1,Birdeye,60825600,0,60825600,60,1,-1
pmh64,ExperimentPC1,Shooting,60825600,0,60825600,120,1,10
pmh64,ExperimentPC1,Shooting,60825600,0,60825600,120,2,9.187675
pmh64,ExperimentPC1,Birdeye,60825600,60,60825600,0,2,-1
pmh64,ExperimentPC1,Birdeye,60825600,0,60825600,30,1,-1
pmh64,ExperimentPC1,Shooting,60825600,0,60825600,30,1,8.698259
pmh64,ExperimentPC1,Birdeye,60825600,0,60825600,30,1,-1
pmh64,ExperimentPC1,Shooting,60825600,0,60825600,60,1,9.214477
pmh64,ExperimentPC1,Shooting,60825600,60,60825600,0,1,7.403142
pmh64,ExperimentPC1,Birdeye,60825600,120,60825600,0,2,-1
pmh64,ExperimentPC1,Plank,60825600,0,60825600,30,1,-1
pmh64,ExperimentPC1,Shooting,60825600,60,60825600,0,1,10
pmh64,ExperimentPC1,Birdeye,60825600,0,60825600,60,2,-1
pmh64,ExperimentPC1,Plank,60825600,60,60825600,0,1,-1
pmh64,ExperimentPC1,Birdeye,60825600,0,60825600,120,1,-1
pmh64,ExperimentPC1,Plank,60825600,0,60825600,60,2,-1
pmh64,ExperimentPC1,Plank,60825600,120,60825600,0,2,-1
pmh64,ExperimentPC1,Plank,60825600,30,60825600,0,2,-1
pmh64,ExperimentPC1,Plank,60825600,0,60825600,60,2,-1
pmh64,ExperimentPC1,Shooting,60825600,0,60825600,120,2,10
pmh64,ExperimentPC1,Plank,60825600,120,60825600,0,1,-1
pmh64,ExperimentPC1,Shooting,60825600,30,60825600,0,2,10
pmh64,ExperimentPC1,Birdeye,60825600,0,60825600,120,2,-1
pmh64,ExperimentPC1,Birdeye,60825600,0,60825600,30,1,-1
pmh64,ExperimentPC1,Plank,60825600,30,60825600,0,1,-1
