exp_id,stimulus_1,stimulus_2,frequency_1,frequency_2,chose_1,chose_2
am1,0,1,60,80,0,1
am1,1,2,120,100,1,0
am1,1,0,60,60,1,0
am1,0,2,120,165,1,0
am1,1,2,55,55,1,0
am1,0,1,85,100,1,0
am1,1,0,150,120,0,1
am1,2,0,50,55,0,1
am1,0,2,50,50,0,1
am1,1,0,160,135,0,1
am1,0,2,75,135,1,0
am1,2,1,160,145,0,1
am1,2,0,105,95,0,1
am1,1,0,105,85,0,1
am1,0,1,70,75,1,0
am1,2,0,95,75,1,0
am1,1,0,80,65,0,1
am1,1,2,75,95,0,1
am1,1,2,110,150,0,1
am1,2,1,165,155,0,1
am1,2,1,135,105,0,1
am1,0,2,95,160,1,0
am1,1,0,155,155,0,1
am1,2,0,130,80,0,1
am1,2,1,55,60,0,1
am1,2,1,60,55,0,1
am1,2,1,150,120,1,0
am1,2,0,85,70,0,1
am1,1,0,140,115,1,0
am1,1,2,100,130,1,0
am1,0,2,55,60,1,0
am1,1,0,145,105,0,1
am1,1,2,70,85,0,1
am1,1,2,50,50,1,0
am1,2,1,100,115,1,0
am1,0,1,115,150,1,0
am1,0,1,155,160,1,0
am1,0,1,105,140,1,0
am1,0,1,65,70,1,0
am1,0,1,80,110,1,0
am1,1,2,115,105,1,0
am1,0,1,50,50,1,0
