exp_id,stimulus,frequency_1,frequency_2,chose_1,chose_2
dy,0,50,55,0,1
dy,6,50,55,0,1
dy,5,50,55,1,0
dy,4,50,55,1,0
dy,6,160,125,1,0
dy,1,50,55,0,1
dy,2,50,55,0,1
dy,0,120,90,1,0
dy,5,110,75,0,1
dy,3,50,55,1,0
dy,5,135,100,1,0
dy,3,70,50,0,1
dy,3,110,105,1,0
dy,1,150,105,1,0
dy,4,110,100,0,1
dy,1,120,80,1,0
dy,6,150,140,0,1
dy,5,105,70,1,0
dy,1,75,65,0,1
dy,4,155,80,1,0
dy,0,65,60,1,0
dy,0,155,125,0,1
dy,5,115,95,1,0
dy,6,95,85,0,1
dy,2,160,100,0,1
dy,1,155,115,0,1
dy,0,115,95,0,1
dy,4,105,75,0,1
dy,3,165,155,0,1
dy,3,95,85,1,0
dy,2,80,55,1,0
dy,3,85,55,1,0
dy,1,160,130,1,0
dy,0,75,55,1,0
dy,4,65,50,1,0
dy,1,85,55,1,0
dy,4,150,95,1,0
dy,2,155,115,1,0
dy,2,140,110,1,0
dy,6,95,55,1,0
dy,2,160,140,1,0
dy,5,135,125,1,0
dy,0,105,100,1,0
dy,6,70,65,0,1
dy,0,90,85,1,0
dy,0,165,150,1,0
dy,3,140,125,1,0
dy,3,150,135,0,1
dy,6,110,100,1,0
dy,1,100,95,0,1
dy,3,120,100,0,1
dy,4,115,100,0,1
dy,1,120,95,1,0
dy,0,130,110,1,0
dy,3,65,60,1,0
dy,3,160,155,1,0
dy,2,120,90,1,0
dy,3,165,130,0,1
dy,5,130,85,1,0
dy,6,155,140,1,0
dy,6,135,105,0,1
dy,1,155,135,1,0
dy,5,150,140,0,1
dy,2,130,80,1,0
dy,0,135,95,1,0
dy,3,145,135,1,0
dy,1,90,50,1,0
dy,3,75,50,1,0
dy,0,85,70,1,0
dy,4,145,90,1,0
dy,1,125,105,1,0
dy,2,65,50,1,0
dy,2,165,100,1,0
dy,1,150,115,0,1
dy,6,145,115,1,0
dy,3,120,80,0,1
dy,3,120,75,1,0
dy,6,115,90,1,0
dy,6,135,85,1,0
dy,2,95,65,0,1
dy,4,165,85,1,0
dy,3,125,90,1,0
dy,0,150,140,0,1
dy,0,145,130,1,0
dy,2,95,70,1,0
dy,0,60,50,1,0
dy,2,145,125,1,0
dy,3,110,80,1,0
dy,1,105,65,1,0
dy,6,165,130,1,0
dy,2,165,155,0,1
dy,6,100,60,0,1
dy,0,160,120,0,1
dy,6,150,105,1,0
dy,0,115,80,1,0
dy,4,135,65,1,0
dy,3,155,145,1,0
dy,2,135,110,0,1
dy,5,80,60,1,0
dy,2,115,80,1,0
dy,4,150,130,1,0
dy,1,165,110,1,0
dy,4,160,75,1,0
dy,4,140,100,1,0
dy,5,120,75,1,0
dy,3,165,95,1,0
dy,5,125,90,1,0
dy,1,160,115,0,1
dy,6,155,120,1,0
dy,5,155,115,1,0
dy,6,70,50,1,0
dy,0,80,65,1,0
dy,0,155,105,1,0
dy,6,125,110,1,0
dy,2,70,50,1,0
dy,5,90,65,1,0
dy,3,115,70,1,0
dy,6,105,75,1,0
dy,5,110,80,1,0
dy,3,70,55,0,1
dy,3,140,130,0,1
dy,2,80,70,1,0
dy,6,75,55,1,0
dy,3,105,90,0,1
dy,2,140,100,1,0
dy,2,135,65,1,0
dy,2,75,60,1,0
dy,3,70,50,1,0
dy,5,105,100,1,0
dy,4,115,70,0,1
dy,2,150,145,1,0
dy,6,130,85,0,1
dy,1,75,55,1,0
dy,4,155,110,1,0
dy,1,145,125,1,0
dy,2,85,75,0,1
dy,2,125,120,0,1
dy,1,90,85,1,0
dy,2,100,90,0,1
dy,1,100,60,1,0
dy,0,165,120,1,0
dy,1,140,100,1,0
dy,4,130,70,1,0
dy,3,150,100,0,1
dy,5,120,95,1,0
dy,5,160,135,1,0
dy,3,85,65,0,1
dy,4,105,80,1,0
dy,0,65,55,1,0
dy,0,100,90,0,1
dy,2,105,90,0,1
dy,5,165,160,0,1
dy,5,155,140,1,0
dy,5,100,85,1,0
dy,6,160,90,1,0
dy,3,145,100,1,0
dy,3,105,65,1,0
dy,2,160,110,1,0
dy,1,60,55,1,0
dy,5,115,90,1,0
dy,6,90,80,1,0
dy,5,95,70,1,0
dy,3,95,80,1,0
dy,6,155,145,0,1
dy,4,155,150,0,1
dy,4,80,60,1,0
dy,6,95,65,1,0
dy,2,85,70,1,0
dy,3,160,145,0,1
dy,4,145,140,0,1
dy,4,125,65,1,0
dy,1,130,120,1,0
dy,5,70,50,1,0
dy,4,60,55,1,0
dy,5,165,130,1,0
dy,6,140,125,0,1
dy,2,165,160,1,0
dy,2,115,95,0,1
dy,3,130,125,1,0
dy,5,150,120,1,0
dy,6,150,135,1,0
dy,5,130,105,1,0
dy,5,65,60,0,1
dy,3,140,110,1,0
dy,3,85,55,1,0
dy,4,160,125,1,0
dy,1,120,70,1,0
dy,2,130,125,0,1
dy,0,100,75,0,1
dy,6,65,55,1,0
dy,1,70,50,1,0
dy,0,100,60,1,0
dy,4,120,95,0,1
dy,5,85,80,0,1
dy,1,165,130,1,0
dy,4,165,100,1,0
dy,2,155,140,0,1
dy,3,115,90,1,0
dy,2,160,120,0,1
dy,1,140,135,1,0
dy,3,155,135,1,0
dy,1,160,110,1,0
dy,0,105,75,1,0
dy,5,85,60,1,0
dy,6,100,60,1,0
dy,4,130,110,1,0
dy,3,80,60,1,0
dy,3,125,115,0,1
dy,1,100,80,1,0
dy,2,60,50,1,0
dy,2,135,105,1,0
dy,1,85,75,1,0
dy,3,150,115,1,0
dy,1,110,60,1,0
dy,6,85,70,1,0
dy,4,110,70,1,0
dy,2,115,55,1,0
dy,4,65,50,1,0
dy,1,150,100,1,0
dy,1,125,95,1,0
dy,1,160,140,1,0
dy,1,105,70,0,1
dy,5,90,75,1,0
dy,5,145,125,1,0
dy,6,165,110,1,0
dy,1,145,135,1,0
dy,0,135,90,1,0
dy,1,155,115,1,0
dy,2,110,95,1,0
dy,3,160,100,1,0
dy,4,85,60,1,0
dy,3,105,95,0,1
dy,6,145,120,1,0
dy,4,105,95,1,0
dy,3,75,70,0,1
dy,4,120,80,1,0
dy,2,160,140,1,0
dy,3,60,50,1,0
dy,6,125,115,1,0
dy,6,140,75,1,0
dy,6,80,70,1,0
dy,3,165,110,0,1
dy,5,135,130,0,1
dy,1,125,110,0,1
dy,4,155,90,0,1
dy,3,125,80,1,0
dy,0,160,145,1,0
dy,0,110,95,0,1
dy,5,75,55,1,0
dy,0,70,65,1,0
dy,1,105,80,1,0
dy,5,165,155,1,0
dy,4,95,75,1,0
dy,0,140,115,1,0
dy,4,165,150,0,1
dy,1,100,90,1,0
dy,1,95,55,1,0
dy,1,150,120,1,0
dy,0,165,125,0,1
dy,0,150,105,0,1
dy,2,70,60,1,0
dy,6,135,80,0,1
dy,1,65,60,1,0
dy,6,130,95,1,0
dy,0,155,130,1,0
dy,5,115,105,1,0
dy,0,145,140,1,0
dy,5,65,50,1,0
dy,0,85,60,0,1
dy,6,165,150,1,0
dy,5,110,100,0,1
dy,5,110,70,1,0
dy,3,120,95,1,0
dy,5,130,125,0,1
dy,1,135,65,0,1
dy,2,145,130,1,0
dy,1,125,65,0,1
dy,5,160,155,1,0
dy,4,130,100,0,1
dy,0,160,125,0,1
dy,5,150,115,1,0
dy,5,160,145,0,1
dy,0,65,50,1,0
dy,6,110,105,1,0
dy,5,165,150,1,0
dy,5,105,80,0,1
dy,5,95,90,0,1
dy,1,130,100,1,0
dy,2,155,145,1,0
dy,6,70,50,0,1
dy,6,140,120,1,0
dy,3,140,135,1,0
dy,5,60,50,0,1
dy,0,115,70,1,0
dy,5,105,65,1,0
dy,0,120,110,0,1
dy,5,120,115,0,1
dy,1,60,50,1,0
dy,0,165,155,1,0
dy,6,105,85,0,1
dy,2,80,75,1,0
dy,3,155,130,0,1
dy,0,70,55,1,0
dy,6,160,145,0,1
dy,4,70,55,1,0
dy,5,120,80,1,0
dy,3,105,85,1,0
dy,0,150,95,1,0
dy,6,150,85,0,1
dy,5,155,90,1,0
dy,6,140,115,0,1
dy,6,130,100,1,0
dy,0,85,75,1,0
dy,5,60,55,1,0
dy,0,130,80,0,1
dy,1,135,95,0,1
dy,2,150,120,1,0
dy,1,140,105,0,1
dy,1,125,70,1,0
dy,0,130,85,1,0
dy,3,165,90,0,1
dy,1,155,145,0,1
dy,1,165,150,1,0
dy,0,135,105,0,1
dy,3,155,140,1,0
dy,0,145,90,0,1
dy,4,60,50,0,1
dy,3,85,60,1,0
dy,0,140,120,1,0
dy,3,75,55,1,0
dy,6,75,60,1,0
dy,0,75,60,0,1
dy,4,125,115,1,0
dy,6,135,75,1,0
dy,2,165,150,1,0
dy,3,80,70,1,0
dy,1,155,105,1,0
dy,2,130,85,1,0
dy,5,100,95,0,1
dy,2,125,105,1,0
dy,6,155,125,1,0
dy,0,100,60,1,0
dy,2,65,60,1,0
dy,2,110,80,1,0
dy,3,130,110,0,1
dy,4,140,105,1,0
dy,4,80,50,1,0
dy,0,160,140,0,1
dy,1,90,55,1,0
dy,0,95,80,0,1
dy,5,165,145,1,0
dy,5,135,115,1,0
dy,4,85,65,0,1
dy,5,85,50,0,1
dy,3,100,90,1,0
dy,1,165,160,1,0
dy,0,150,115,1,0
dy,5,140,125,1,0
dy,3,165,100,0,1
dy,0,110,100,1,0
dy,5,70,60,0,1
dy,0,75,65,0,1
dy,5,105,75,1,0
dy,4,130,90,1,0
dy,5,125,120,0,1
dy,1,115,95,1,0
dy,0,75,50,1,0
dy,2,85,65,1,0
dy,4,135,80,1,0
dy,1,120,110,1,0
dy,0,100,65,1,0
dy,5,125,95,0,1
dy,3,150,95,1,0
dy,0,140,135,1,0
dy,3,95,75,1,0
dy,2,115,90,0,1
dy,4,155,125,1,0
dy,4,120,110,1,0
dy,2,160,90,1,0
dy,0,165,140,1,0
dy,6,110,90,0,1
dy,1,80,75,0,1
dy,2,135,95,1,0
dy,6,105,80,1,0
dy,3,125,105,1,0
dy,0,145,110,1,0
dy,1,70,60,1,0
dy,2,110,105,1,0
dy,1,150,130,1,0
dy,4,160,95,0,1
dy,4,115,60,0,1
dy,4,145,100,0,1
dy,4,165,105,1,0
dy,6,120,85,1,0
dy,4,115,65,1,0
dy,6,70,55,1,0
dy,4,165,145,1,0
dy,2,165,110,1,0
dy,6,65,60,0,1
dy,6,165,115,1,0
dy,6,100,95,1,0
dy,6,95,60,1,0
dy,2,125,100,1,0
dy,6,125,90,1,0
dy,2,150,135,0,1
dy,6,75,70,0,1
dy,2,75,70,1,0
dy,2,95,55,1,0
dy,4,150,120,1,0
dy,6,75,50,0,1
dy,4,155,135,0,1
dy,4,140,130,1,0
dy,4,145,95,0,1
dy,2,120,75,1,0
dy,2,70,50,1,0
dy,4,155,70,1,0
dy,4,145,125,1,0
dy,4,110,85,1,0
dy,4,165,160,0,1
dy,4,70,50,1,0
