frame,x,y
0,0,348
1,0,348
2,1,348
3,2,348
4,4,348
5,6,348
6,9,348
7,12,348
8,16,348
9,20,348
10,25,348
11,30,348
12,36,348
13,43,348
14,49,348
15,57,348
16,64,348
17,73,348
18,82,348
19,91,348
20,101,348
21,111,348
22,121,348
23,133,348
24,144,348
25,156,348
26,169,348
27,182,348
28,195,348
29,209,348
30,223,348
31,238,348
32,253,348
33,268,348
34,284,348
35,301,348
36,317,348
37,334,348
38,352,348
39,370,348
40,388,348
41,406,348
42,425,348
43,444,348
44,464,348
45,484,348
46,504,348
47,525,348
48,545,348
49,567,348
50,588,348
51,610,348
52,632,348
53,654,348
54,676,348
55,699,348
56,722,348
57,745,348
58,768,348
59,792,348
60,816,348
61,840,348
62,864,348
63,888,348
64,913,348
65,937,348
66,962,348
67,987,348
68,1012,348
69,1037,348
70,1062,348
71,1087,348
72,1113,348
73,1138,348
74,1163,348
75,1189,348
76,1215,348
77,1240,348
78,1266,348
79,1291,348
80,1317,348
81,1342,348
82,1368,348
83,1394,348
84,1419,348
85,1444,348
86,1470,348
87,1495,348
88,1520,348
89,1545,348
90,1570,348
91,1595,348
92,1620,348
93,1645,348
94,1669,348
95,1693,348
96,1717,348
97,1741,348
98,1765,348
99,1789,348
100,1812,348
101,1835,348
102,1858,348
103,1881,348
104,1903,348
105,1926,348
106,1948,348
107,1969,348
108,1991,348
109,2012,348
110,2033,348
111,2053,348
112,2074,348
113,2093,348
114,2113,348
115,2132,348
116,2151,348
117,2170,348
118,2188,348
119,2206,348
120,2223,348
121,2240,348
122,2257,348
123,2274,348
124,2289,348
125,2305,348
126,2320,348
127,2335,348
128,2349,348
129,2363,348
130,2376,348
131,2389,348
132,2402,348
133,2414,348
134,2426,348
135,2437,348
136,2447,348
137,2458,348
138,2467,348
139,2477,348
140,2486,348
141,2494,348
142,2502,348
143,2509,348
144,2516,348
145,2522,348
146,2528,348
147,2534,348
148,2538,348
149,2543,348
150,2547,348
151,2550,348
152,2553,348
153,2555,348
154,2557,348
155,2558,348
156,2559,348
