observer_id,exp_config,trial_id,bandwidth,fps_mode,refresh_rate,scene,sharpnness_score,motion_score,overall_score,shooting_time
aj577,Experiment1,1,60825600,0,120,Plank,1,9.3,4.29999971,-1
aj577,Experiment1,1,60825600,0,120,Birdeye,3.1,7.30000067,5.70000029,-1
aj577,Experiment1,1,60825600,0,120,Shooting,2.99285626,8.6,7.30000067,21.3784943
aj577,Experiment1,2,60825600,0,30,Plank,8.400001,6,7.50000048,-1
aj577,Experiment1,2,60825600,0,30,Birdeye,8.682141,6.207142,7.30000067,-1
aj577,Experiment1,2,60825600,0,30,Shooting,8.392858,7.01071358,7.300002,18.8952122
aj577,Experiment1,3,60825600,0,60,Plank,3.507144,6.817854,5.56428432,-1
aj577,Experiment1,3,60825600,0,60,Birdeye,2.19999981,7.70000029,5.29999971,-1
aj577,Experiment1,3,60825600,0,60,Shooting,3.08928561,6.978574,5.2,24.6939373
aj577,Experiment1,4,60825600,0,120,Plank,1,7.8,3.70000029,-1
aj577,Experiment1,4,60825600,0,120,Birdeye,3.12142825,7.81428432,6.60000038,-1
aj577,Experiment1,4,60825600,0,120,Shooting,3.34642982,7.8,4.29999971,21.3890667
aj577,Experiment1,5,60825600,1,0,Plank,4.60714245,8.167858,6.642857,-1
aj577,Experiment1,5,60825600,1,0,Birdeye,4.95357227,7.492856,6,-1
aj577,Experiment1,5,60825600,1,0,Shooting,4.985715,8.7,7.50000048,59.2018127
aj577,Experiment1,6,60825600,1,0,Plank,4.889285,9.1,6.40000057,-1
aj577,Experiment1,6,60825600,1,0,Birdeye,5.50000048,8.5,5.60000038,-1
aj577,Experiment1,6,60825600,1,0,Shooting,6.23928642,8.6,7.60000038,35.2298851
aj577,Experiment1,7,60825600,0,120,Plank,1,9.5,3.70000029,-1
aj577,Experiment1,7,60825600,0,120,Birdeye,2.67142773,9.421428,4.8,-1
aj577,Experiment1,7,60825600,0,120,Shooting,1.8035717,8.200001,5.50000048,34.9357567
aj577,Experiment1,8,608256000,0,165,Plank,9.132144,9.196428,9,-1
aj577,Experiment1,8,608256000,0,165,Birdeye,8.97143,8.97143,8.97143,-1
aj577,Experiment1,8,608256000,0,165,Shooting,9.196428,9.196428,9.196428,16.9604568
aj577,Experiment1,9,608256000,0,165,Plank,10,9.839286,9.517858,-1
aj577,Experiment1,9,608256000,0,165,Birdeye,9.453572,9.453572,9.453572,-1
aj577,Experiment1,9,608256000,0,165,Shooting,9.614285,9.324998,9.324998,15.79509
aj577,Experiment1,10,60825600,0,60,Plank,5.76071072,4.857143,4.95357227,-1
aj577,Experiment1,10,60825600,0,60,Birdeye,5.6928587,6.207142,6.59285545,-1
aj577,Experiment1,10,60825600,0,60,Shooting,4.82500029,3.79642773,4.857143,34.72614
aj577,Experiment1,11,60825600,0,30,Plank,5.757144,5.56428432,5.56428432,-1
aj577,Experiment1,11,60825600,0,30,Birdeye,6.014288,2.44642854,3.860715,-1
aj577,Experiment1,11,60825600,0,30,Shooting,6,4.021429,6.04642773,25.5054989
aj577,Experiment1,12,608256000,0,165,Plank,10,10,10,-1
aj577,Experiment1,12,608256000,0,165,Birdeye,10,9.7,10,-1
aj577,Experiment1,12,608256000,0,165,Shooting,9.517858,10,9.678572,16.55814
aj577,Experiment1,13,60825600,0,30,Plank,5.72499943,7.52500057,6.8178587,-1
aj577,Experiment1,13,60825600,0,30,Birdeye,7.20000029,8.200001,8.200001,-1
aj577,Experiment1,13,60825600,0,30,Shooting,6.91428375,6.91428375,6.91428375,34.7580338
aj577,Experiment1,14,60825600,0,60,Plank,3.710716,6.72143,5.178571,-1
aj577,Experiment1,14,60825600,0,60,Birdeye,5,8.1,6.50000048,-1
aj577,Experiment1,14,60825600,0,60,Shooting,3.603571,6.40000057,4.60000038,37.4833527
aj577,Experiment1,15,60825600,1,0,Plank,4.82500029,8.907145,5.917858,-1
aj577,Experiment1,15,60825600,1,0,Birdeye,3.92857122,8.9,6.3,-1
aj577,Experiment1,15,60825600,1,0,Shooting,5.178571,9.00357,6.91428375,33.1428452
am2442,Experiment1,1,60825600,0,60,Plank,7.10714245,7.20357227,6.978574,-1
am2442,Experiment1,1,60825600,0,60,Birdeye,6.8178587,5.88571358,5.56428432,-1
am2442,Experiment1,1,60825600,0,60,Shooting,6.14285755,6.4964304,5.8214283,12.6471148
am2442,Experiment1,2,608256000,0,165,Plank,8.77857,5.114287,7.84643,-1
am2442,Experiment1,2,608256000,0,165,Birdeye,9.196428,6.9464283,7.01071358,-1
am2442,Experiment1,2,608256000,0,165,Shooting,9,7,7.68571568,13.0265131
am2442,Experiment1,3,60825600,1,0,Plank,2.67142773,6.7535696,3.21785784,-1
am2442,Experiment1,3,60825600,1,0,Birdeye,4.760713,5,3.314285,-1
am2442,Experiment1,3,60825600,1,0,Shooting,7.10714245,5.917858,4.82500029,12.3555622
am2442,Experiment1,4,60825600,0,30,Plank,7.074998,4.310715,4.27857065,-1
am2442,Experiment1,4,60825600,0,30,Birdeye,8.039284,4.407142,5.660714,-1
am2442,Experiment1,4,60825600,0,30,Shooting,7.967856,4.867856,5.53214455,10.3645954
am2442,Experiment1,5,60825600,0,30,Plank,5.275001,6.04642773,5.339286,-1
am2442,Experiment1,5,60825600,0,30,Birdeye,4.760713,4.985715,5.04999971,-1
am2442,Experiment1,5,60825600,0,30,Shooting,3.95714188,4.985715,3.57142878,10.9623051
am2442,Experiment1,6,60825600,1,0,Plank,3.732143,4.792858,3.892857,-1
am2442,Experiment1,6,60825600,1,0,Birdeye,4.310715,5.853574,6.33571625,-1
am2442,Experiment1,6,60825600,1,0,Shooting,3.66785812,4.214286,5.5,13.7036095
am2442,Experiment1,7,608256000,0,165,Plank,9.453572,8.03928852,7.139288,-1
am2442,Experiment1,7,608256000,0,165,Birdeye,8.232142,8.167858,8.199998,-1
am2442,Experiment1,7,608256000,0,165,Shooting,8,6,8.585716,13.1770487
am2442,Experiment1,8,60825600,0,30,Plank,6.91428375,3.66785812,4.889285,-1
am2442,Experiment1,8,60825600,0,30,Birdeye,8.167858,3,5.210714,-1
am2442,Experiment1,8,60825600,0,30,Shooting,8.199998,7.042858,6,16.8291531
am2442,Experiment1,9,60825600,1,0,Plank,3.28214216,6.4964304,8.103574,-1
am2442,Experiment1,9,60825600,1,0,Birdeye,3.860715,6.978574,4.567857,-1
am2442,Experiment1,9,60825600,1,0,Shooting,3.53928614,5.56428432,5.082142,13.7998495
am2442,Experiment1,10,60825600,0,60,Plank,4.085714,6.367856,5,-1
am2442,Experiment1,10,60825600,0,60,Birdeye,4.760713,7.446429,4.632144,-1
am2442,Experiment1,10,60825600,0,60,Shooting,4.214286,5.59643,7.589286,18.2286587
am2442,Experiment1,11,60825600,0,120,Plank,2.79999948,4.696429,4.503572,-1
am2442,Experiment1,11,60825600,0,120,Birdeye,1.0999999,4.857143,4.857143,-1
am2442,Experiment1,11,60825600,0,120,Shooting,3.82857227,5.114287,3.79642773,13.20665
am2442,Experiment1,12,608256000,0,165,Plank,8.907145,8.553572,8.553572,-1
am2442,Experiment1,12,608256000,0,165,Birdeye,8.939284,8.167858,8.167858,-1
am2442,Experiment1,12,608256000,0,165,Shooting,8.907145,8.97143,8.97143,9.653319
am2442,Experiment1,13,60825600,0,120,Plank,2.79999948,5.56428432,4.27857065,-1
am2442,Experiment1,13,60825600,0,120,Birdeye,2.99285626,5.757144,5.88571358,-1
am2442,Experiment1,13,60825600,0,120,Shooting,4.47142935,6.367856,6.4321413,18.1479435
am2442,Experiment1,14,60825600,0,60,Plank,5,5.435715,6.367856,-1
am2442,Experiment1,14,60825600,0,60,Birdeye,5.72499943,4.407142,4.021429,-1
am2442,Experiment1,14,60825600,0,60,Shooting,6.3035717,4.47142935,8.296428,12.2521343
am2442,Experiment1,15,60825600,0,120,Plank,1.7714293,4.728571,6.72143,-1
am2442,Experiment1,15,60825600,0,120,Birdeye,2.253572,6.175002,4.985715,-1
am2442,Experiment1,15,60825600,0,120,Shooting,2.349999,4.503572,2.44642854,13.1403666
pmh64,Experiment1,1,60825600,0,30,Plank,6.9464283,7.139288,8.103574,-1
pmh64,Experiment1,1,60825600,0,30,Birdeye,9.517858,6.371431,8.167858,-1
pmh64,Experiment1,1,60825600,0,30,Shooting,9.550002,6,7.68571568,14.7365074
pmh64,Experiment1,2,60825600,0,120,Plank,4.95357227,8.264288,6.785714,-1
pmh64,Experiment1,2,60825600,0,120,Birdeye,4.460715,7.9428587,6.367856,-1
pmh64,Experiment1,2,60825600,0,120,Shooting,5.59643,7.20357227,6.3035717,10.5477676
pmh64,Experiment1,3,60825600,1,0,Plank,7.8785696,7.71785545,7.71785545,-1
pmh64,Experiment1,3,60825600,1,0,Birdeye,8,6.29285336,6.83571148,-1
pmh64,Experiment1,3,60825600,1,0,Shooting,7.36428642,5.98214245,6.84999943,11.3377981
pmh64,Experiment1,4,608256000,0,165,Plank,9.775001,8.875,9.324998,-1
pmh64,Experiment1,4,608256000,0,165,Birdeye,9.807141,9.485712,9.678572,-1
pmh64,Experiment1,4,608256000,0,165,Shooting,9.614285,9.807141,9.646426,9.322423
pmh64,Experiment1,5,60825600,1,0,Plank,6.4321413,7.81428432,6.91428375,-1
pmh64,Experiment1,5,60825600,1,0,Birdeye,6.65714455,6.978574,6.3035717,-1
pmh64,Experiment1,5,60825600,1,0,Shooting,5.6928587,6.68928432,6.271426,9.46578
pmh64,Experiment1,6,60825600,0,30,Plank,8.489286,5.275001,6.8178587,-1
pmh64,Experiment1,6,60825600,0,30,Birdeye,8.189284,3.989287,5.40357065,-1
pmh64,Experiment1,6,60825600,0,30,Shooting,8.425002,4.5535717,5.660714,16.5630875
pmh64,Experiment1,7,60825600,0,60,Plank,5.757144,8.385719,6.68571,-1
pmh64,Experiment1,7,60825600,0,60,Birdeye,6.4321413,6.175002,6.23928642,-1
pmh64,Experiment1,7,60825600,0,60,Shooting,6.14285755,6.4964304,6.271426,10.93706
pmh64,Experiment1,8,60825600,0,120,Plank,2.79999948,7.300002,3.8785696,-1
pmh64,Experiment1,8,60825600,0,120,Birdeye,3.86071515,7.01071358,5.146429,-1
pmh64,Experiment1,8,60825600,0,120,Shooting,3.31428528,7.332142,4.889285,15.7134209
pmh64,Experiment1,9,608256000,0,165,Plank,9.807141,8.039284,9.035714,-1
pmh64,Experiment1,9,608256000,0,165,Birdeye,9.775001,7.78214455,8.939284,-1
pmh64,Experiment1,9,608256000,0,165,Shooting,9.967855,8.521426,9.421428,10.7657595
pmh64,Experiment1,10,60825600,0,60,Plank,6.110712,7,6.464286,-1
pmh64,Experiment1,10,60825600,0,60,Birdeye,4.696429,4.95357227,4.696429,-1
pmh64,Experiment1,10,60825600,0,60,Shooting,5.242856,5.178571,4.857143,10.5024481
pmh64,Experiment1,11,60825600,1,0,Plank,5.8214283,6.367856,6.04642773,-1
pmh64,Experiment1,11,60825600,1,0,Birdeye,6.07857227,5.339286,5.6285696,-1
pmh64,Experiment1,11,60825600,1,0,Shooting,5.8214283,5.467858,5.371428,9.944234
pmh64,Experiment1,12,60825600,0,120,Plank,2.3071413,6.65714455,4.27857065,-1
pmh64,Experiment1,12,60825600,0,120,Birdeye,2.47856879,7.78214455,4.182143,-1
pmh64,Experiment1,12,60825600,0,120,Shooting,2.61428428,7.89999628,4.985715,21.391098
pmh64,Experiment1,13,60825600,0,60,Plank,4.985715,7.396426,6.175002,-1
pmh64,Experiment1,13,60825600,0,60,Birdeye,5.660714,5.98214245,5.78928375,-1
pmh64,Experiment1,13,60825600,0,60,Shooting,5.371428,5.467858,5.59643,13.3287249
pmh64,Experiment1,14,60825600,0,30,Plank,8.517857,2.9285717,4.603571,-1
pmh64,Experiment1,14,60825600,0,30,Birdeye,9.035714,2.1571424,4.232143,-1
pmh64,Experiment1,14,60825600,0,30,Shooting,9.260714,2.51785684,4.503572,11.1639395
pmh64,Experiment1,15,608256000,0,165,Plank,9.835716,9.646426,9.87143,-1
pmh64,Experiment1,15,608256000,0,165,Birdeye,9.742856,8.682141,9.357142,-1
pmh64,Experiment1,15,608256000,0,165,Shooting,9.835716,8.907145,9.550002,9.046564
